domain,fb_score,mturk_score,allsides_score,allsides_score_community,mbfc_score,media_score
100milefreepress.net,,,,,-0.5,
100percentfedup.com,0.856,,,,,
1011now.com,,,,,0.0,
10tv.com,-0.0984,,,,0.0,
11alive.com,0.0686,,,,0.0,
12news.com,,,,,0.0,
12newsnow.com,,,,,0.0,
13abc.com,,,,,0.0,
13newsnow.com,,,,,0.0,
13wham.com,,,,,0.5,
13wmaz.com,,,,,0.0,
14news.com,,,,,0.0,
19fortyfive.com,,,,,0.5,
19thnews.org,,,,,-1.0,
247wallst.com,,0.0,,,0.0,
24ur.com,,,,,0.0,
25newsnow.com,,,,,0.0,
270towin.com,,0.0,,,,
2ndvote.com,,,,,1.0,
38north.org,,,,,0.0,
4029tv.com,,,,,0.0,
604now.com,,,,,-0.5,
6abc.com,-0.5037,,,,-0.5,
7news.com.au,,,,,0.5,
7online.com,-0.4067,,,,,
8newsnow.com,,,,,0.0,
929thedrive.com,,,,,0.0,
972mag.com,,,,,-0.5,
9news.com,-0.032,0.0,,,0.0,
9news.com.au,,,,,0.5,
a1apac.org,,,,,1.0,
aa.com.tr,,,,,1.0,
aap.com.au,,,,,0.0,
aarp.org,,,0.0,0.0,,
aattp.org,-0.8936,,,,,
aawsat.com,,,,,0.5,
abbynews.com,,,,,-0.5,
abc.es,,,,,0.5,
abc.net.au,,,,,-0.5,
abc11.com,-0.19,,,,-0.5,
abc12.com,,,,,0.0,
abc13.com,0.0097,-0.0833333333333,,,-0.5,
abc17news.com,,,,,0.0,
abc27.com,,,,,0.0,
abc30.com,,,,,-0.5,
abc3340.com,,,,,0.5,
abc4.com,,,,,0.0,
abc7.com,-0.31,,,,,
abc7amarillo.com,,,,,0.5,
abc7chicago.com,-0.503,,,,0.0,
abc7news.com,,,,,-0.5,
abc7ny.com,,,,,0.0,
abcnews.go.com,-0.1605,0.0,-0.5,0.0,-0.5,-0.1877441183190495
abcnews4.com,,,,,0.5,
abcstlouis.com,,,,,0.5,
abort73.com,,,,,1.0,
abovethelaw.com,,,,,-0.5,
abqjournal.com,,,,,0.5,
abs-cbn.com,,,,,0.0,
ac2news.com,,,,,1.0,
academia.org,,,,,1.0,
accountable.us,,,,,-1.0,
aceshowbiz.com,,,,,-0.5,
aclj.org,0.9268,,,,1.0,
aclu.org,-0.7686,,-0.5,-0.5,-0.5,
acsh.org,,,,,0.5,
act.tv,,,,,-1.0,
act.weareultraviolet.org,-0.971,,,,,
actionnews5.com,,,,,0.0,
actionnewsjax.com,,,,,0.0,
actionnewsnow.com,,,,,0.0,
acton.org,,,,,1.0,
ad.nl,,,,,0.0,
adaderana.lk,,,,,-0.5,
adage.com,,0.0,,,,
addictinginfo.org,-0.8894,,,,,
adelaidenow.com.au,,0.0,,,1.0,
adfontesmedia.com,,,,,0.0,
adl.org,,,,,-0.5,
adn.com,,,,,0.0,
advocate-news.com,,,,,0.0,
advocate.com,-0.9276,0.75,,,-1.0,
adweek.com,,,,,0.0,
aei.org,,,,,1.0,
aeon.co,,,,,-0.5,
affinitymagazine.us,,,,,-0.5,
afj.org,,,,,-1.0,
afp.com,,,,,0.0,
afpc.org,,,,,1.0,
afr.com,,,,,0.0,
africacheck.org,,,,,0.0,
africanarguments.org,,,,,-0.5,
africanews.com,,,,,-0.5,
aftonbladet.se,,,,,-1.0,
againstcronycapitalism.org,0.6857,,,,,
agassizharrisonobserver.com,,,,,-0.5,
agdaily.com,,,,,0.0,
agerpres.ro,,,,,0.0,
agriculture.com,,,,,-0.5,
agweb.com,,,,,0.0,
ahram.org.eg,,,,,0.5,
ahvalnews.com,,,,,-0.5,
ahwatukee.com,,,,,0.0,
aidc.org.za,,,,,-1.0,
aier.org,,,,,0.5,
aim.org,,,1.0,0.5,1.0,
aina.org,,,,,1.0,
airforcetimes.com,,,,,0.0,
airwars.org,,,,,0.0,
aish.com,,,,,1.0,
ajc.com,,0.0,-0.5,0.0,-0.5,
al-monitor.com,,,,,-0.5,
al-sura.com,,,,,-0.5,
al.com,0.009,0.0,,,0.5,
alabamanow.com,,,,,0.0,
alaraby.co.uk,,,,,-0.5,
alaskasnewssource.com,,,,,0.0,
albernivalleynews.com,,,,,-0.5,
albertapressleader.ca,,,,,1.0,
albertaviews.ca,,,,,-0.5,
aldergrovestar.com,,,,,-0.5,
aldianews.com,,,,,-1.0,
alec.org,,,,,1.0,
aleteia.org,,,,,0.5,
algemeiner.com,0.4456,,,,0.5,
aljazeera.com,-0.5895,0.0,,,-0.5,
allafrica.com,,,,,0.0,
allenbwest.com,0.8918,,,,,
allenwestrepublic.com,0.9423,,,,,
allgov.com,,,,,-0.5,
alligator.org,,,,,-1.0,
alloaadvertiser.com,,,,,0.0,
alreporter.com,,,,,0.0,
alternativemediasyndicate.com,-0.5579,,,,,
alternet.org,-0.8804,-0.916666666667,-1.0,0.0,-1.0,-1.1608950013730182
altnews.in,,,,,-1.0,
altnewsmedia.net,,,,,1.0,
altoday.com,,,,,0.5,
amac.us,,,,,1.0,
amarillo.com,,,,,0.0,
amazon.com,0.0362,0.0,,,,
america.aljazeera.com,-0.7362,,,,,
americablog.com,,,,,-1.0,
americafirstpolicy.com,,,,,1.0,
americamagazine.org,,,,,-0.5,
americanactionforum.org,,,,,0.5,
americanaffairsjournal.org,,,,,0.5,
americanbridgepac.org,,,,,-1.0,
americanconsequences.com,,,,,1.0,
americanexperiment.org,,,,,1.0,
americanfirearms.org,,,,,0.5,
americanheritage.com,,,,,0.0,
americanimmigrationcouncil.org,,,,,-0.5,
americanindependent.com,,,,,-1.0,
americanjournaldaily.com,,,,,1.0,
americanmilitarynews.com,,,,,0.5,
americanmind.org,,,,,1.0,
americannews.com,0.8651,,,,,
americanoverlook.com,0.8311,,,,,
americanoversight.org,,,,,-1.0,
americanpressinstitute.org,,,,,0.0,
americanprogress.org,,,-0.5,-0.5,-1.0,
americanpublicmedia.org,,,,,-0.5,
americanpurpose.com,,,,,-0.5,
americansforprosperity.org,,,,,1.0,
americanthinker.com,0.9112,,1.0,0.5,,2.888033797480439
americarisingpac.org,,,,,1.0,
americasfreedomfighters.com,0.8523,,,,,
americasquarterly.org,,,,,0.5,
americasvoice.news,,,,,1.0,
amestrib.com,,,,,-0.5,
amgreatness.com,,,,,1.0,
amimagazine.org,,,,,1.0,
ammoland.com,,,,,1.0,
amnesty.org,,,,,-0.5,
amny.com,,-0.0833333333333,,,-0.5,
amsterdamnews.com,,,,,-1.0,
anchoragepress.com,,,,,0.5,
andalusiastarnews.com,,,,,0.5,
andoveradvertiser.co.uk,,,,,0.0,
angrywhitemen.org,,,,,-1.0,
angusreid.org,,,,,0.5,
aninews.in,,,,,0.5,
anncoulter.com,,,1.0,0.5,,
annistonstar.com,,,,,-0.5,
anonhq.com,-0.4102,,,,,
ansa.it,,,,,0.0,
anthropocenemagazine.org,,,,,-0.5,
antihate.ca,,,,,-1.0,
antiwar.com,,,,,0.5,
aol.com,0.0133,0.0,,,-0.5,
ap.org,,,0.0,-0.5,,
apmreports.org,,,,,-0.5,
apnews.com,,,,,-0.5,0.0205679565970216
app.actionsprout.com,-0.6993,,,,,
app.com,,,,,-0.5,
apple.com,,,,,-0.5,
appledaily.com,,,,,0.5,
aptnnews.ca,,,,,-0.5,
arcamax.com,,,,,0.5,
arcdigital.media,,,,,0.0,
areomagazine.com,,,,,-0.5,
argonautnews.com,,,,,0.0,
argusleader.com,,,,,0.5,
arirang.com,,,,,0.0,
arizonadailyindependent.com,,,,,1.0,
arkansasonline.com,,,-1.0,0.5,0.5,
arklatexhomepage.com,,,,,0.0,
arktimes.com,,,,,-0.5,
armscontrol.org,,,,,-0.5,
armstrongeconomics.com,,,,,1.0,
armytimes.com,0.4171,,,,0.0,
arstechnica.com,,,,,0.0,
arte.tv,,,,,-0.5,
asahi.com,,,,,-0.5,
asianews.it,,,,,1.0,
asiasentinel.com,,,,,-0.5,
asiatimes.com,,,,,0.0,
aspeniaonline.it,,,,,-0.5,
aspeninstitute.org,,,,,-0.5,
aspentimes.com,,,,,0.0,
atavist.com,,,,,-0.5,
atchisonglobenow.com,,,,,0.5,
athensmessenger.com,,,,,0.0,
atlanta.cbslocal.com,,,,,-0.5,
atlantablackstar.com,-0.7055,,,,-0.5,-2.031018266050345
atlanticcouncil.org,,,,,0.5,
atlanticmedia.com,,,,,-0.5,
atlasobscura.com,,,,,0.0,
atmoreadvance.com,,,,,0.5,
atr.org,,,1.0,0.5,1.0,
attackthesystem.com,,,,,-1.0,
attn.com,-0.7747,,,,-0.5,-1.6683189686565905
au.org,,,,,-1.0,
auburnpub.com,,,,,0.0,
audacy.com,,,,,0.0,
augustachronicle.com,,,,,-0.5,
austinchronicle.com,,,,,-1.0,
austindailyherald.com,,,,,-0.5,
autostraddle.com,,,,,-1.0,
autotrader.com,,0.0,,,,
avalon.law.yale.edu,,-0.166666666667,,,,
avclub.com,,0.0,,,-0.5,
avenuenews.com,,,,,0.0,
axios.com,,,,,-0.5,-0.0529400305249421
axs.com,,0.0,,,,
aynrand.org,,,,,0.5,
azcapitoltimes.com,,,,,-0.5,
azcentral.com,-0.1731,,,,-0.5,
azdailysun.com,,,,,-0.5,
azfamily.com,0.0439,,,,0.0,
babnet.net,,,,,0.0,
badgerinstitute.org,,,,,1.0,
bakersfieldnow.com,,,,,0.5,
balkaninsight.com,,,,,-0.5,
ballotpedia.org,,0.0,0.0,0.0,0.0,
baltimoresun.com,-0.1321,,,,,
bangkokpost.com,,,,,0.5,
bangordailynews.com,-0.1732,,,,-0.5,
baptistnews.com,,,,,-0.5,
barackobama.com,-0.8077,,,,,
barenakedislam.com,0.8589,,,,,
barrietoday.com,,,,,-0.5,
barrons.com,,,,,0.5,
bartleby.com,,0.0,,,,
baseball-reference.com,,0.0,,,,
batimes.com.ar,,,,,0.5,
battlecreekenquirer.com,,,,,-0.5,
battleforthenet.com,-0.5612,,,,,
baxterbulletin.com,,,,,-0.5,
baynature.org,,,,,-0.5,
baynews9.com,0.0586,,,,,
bbb.org,,0.0,,,,
bbc.co.uk,-0.3313,-0.333333333333,,,,
bbc.com,-0.2609,-0.5,0.0,-0.5,-0.5,
beaconjournal.com,,,,,-0.5,
bearingarms.com,0.77,,,,1.0,
beatricedailysun.com,,,,,0.0,
beavercreeknewscurrent.com,,,,,0.5,
beforeitsnews.com,0.5876,,,,,
behance.net,,0.0,,,,
beingliberal.org,,,,,-1.0,
beinglibertarian.com,,,,,0.5,
belfercenter.org,,,,,-0.5,
beliefnet.com,,,,,1.0,
bellingcat.com,,,,,-0.5,
bellinghamherald.com,,,,,-0.5,
bemidjipioneer.com,,,,,0.5,
benswann.com,0.4846,,,,,
benzinga.com,,,,,0.0,
berkeleyside.com,,,,,-0.5,
berkshireeagle.com,,,,,-0.5,
berliner-zeitung.de,,,,,-0.5,
berlingske.dk,,,,,0.5,
bestlifeonline.com,,,,,0.0,
bet.com,,0.0,,,,
bettergov.org,,,,,0.0,
bgdailynews.com,,,-0.5,0.0,,
bgr.com,,0.0,,,-0.5,
bigcountry995.com,,,,,0.0,
bigcountryhomepage.com,,,,,0.0,
bignewsnetwork.com,,,,,0.0,
bigstory.ap.org,-0.2022,,,,,
bigthink.com,,,,,0.0,
bild.de,,,,,0.5,
billboard.com,,0.0,,,,
billingsgazette.com,,,,,0.5,
billmoyers.com,-0.8390000000000001,,,,-1.0,
bing.com,,,,,-0.5,
biography.com,,0.0,,,0.0,
bipartisanpolicy.org,,,,,0.5,
bipartisanreport.com,,,,,,-1.5411610306240686
birminghammail.co.uk,,,,,-0.5,
bismarcktribune.com,,,,,0.0,
bit.ly,,0.0,,,,
bitchmedia.org,,,,,-1.0,
bizpacreview.com,0.9142,,,,1.0,1.327607097040829
blabber.buzz,,,,,1.0,
blackagendareport.com,,,,,-1.0,
blackamericaweb.com,-0.7772,,,,-1.0,-1.4011069781305951
blackenterprise.com,,,,,-0.5,
blacklivesmatter.com,,,,,-1.0,
blackmainstreet.net,,,,,-1.0,
blackpressusa.com,,,,,-0.5,
blastingnews.com,,,,,0.0,
blavity.com,,,,,,-1.8056265544616448
bleacherreport.com,,0.0,,,-0.5,
bleepingcomputer.com,,,,,0.0,
blogs.spectator.co.uk,,0.0,,,,
blogs.wsj.com,-0.0746,,,,,
bloomberg.com,-0.1565,-0.0833333333333,0.0,0.0,-0.5,0.080237870146094
bluenationreview.com,-0.8883,,,,,
bluestemprairie.com,,,,,-0.5,
bluevirginia.us,,,-1.0,0.5,,
bnc.tv,,,,,-1.0,
bnd.com,,,,,0.0,
bnonews.com,,,,,0.0,
bnr.nl,,,,,0.5,
boingboing.net,-0.7779,,-1.0,0.0,-1.0,
boldprogressives.org,,,,,-1.0,
books.google.com,,0.0,,,,
boomlive.in,,,,,0.5,
borderreport.com,,,,,0.0,
boston.com,,,,,-0.5,
boston25news.com,,,,,0.0,
bostonglobe.com,-0.4446,-0.25,-0.5,-0.5,-0.5,
bostonherald.com,,,,,0.5,
bostonreview.net,,,,,-1.0,
boundingintocomics.com,,,,,1.0,
bozemandailychronicle.com,,0.0,,,0.0,
bradford-delong.com,,,,,-1.0,
brainerddispatch.com,,,,,0.5,
brainfall.com,-0.0483,,,,,
bramptonguardian.com,,,,,-0.5,
breakingdefense.com,,,,,0.5,
breitbart.com,0.9136,0.833333333333,1.0,1.0,,2.026906951166841
brennancenter.org,,,,,-0.5,
brewtonstandard.com,,,,,0.5,
bridgemi.com,,,,,0.0,
bringmethenews.com,,,,,0.0,
britannica.com,,0.0,,,,
broadenimpact.com,,,,,-0.5,
brookings.edu,,,0.0,0.0,-0.5,
brownstone.org,,,,,1.0,
brproud.com,,,,,0.0,
brut.media,,,,,-1.0,
bt.dk,,,,,0.5,
buccaneers.com,,0.0,,,,
buffalonews.com,,,,,0.0,
bullshido.net,,,,,0.0,
burnettcountysentinel.com,,,,,0.0,
business-standard.com,,,,,0.5,
business2community.com,,0.0,,,0.0,
businessinsider.com,-0.0585,0.0,0.0,0.0,-0.5,-0.0864937135627517
businesslive.co.za,,,,,0.5,
businessweek.com,-0.2615,,,,,
bust.com,,,,,-1.0,
bustle.com,,-0.166666666667,-0.5,-0.5,-0.5,
butlercountytimesgazette.com,,,,,0.0,
buzzfeed.com,-0.5242,-0.5,-0.5,-0.5,-0.5,
buzzfeednews.com,,,,,-0.5,-1.0930370374415674
bylinetimes.com,,,,,-0.5,
c-span.org,-0.0442,,0.0,0.0,0.0,0.1991714838866516
c2cjournal.ca,,,,,1.0,
c4ads.org,,,,,-0.5,
c4ss.org,,,,,-1.0,
cagw.org,,,,,1.0,
caledonenterprise.com,,,,,-0.5,
calgary.citynews.ca,,,,,0.0,
calgaryherald.com,,,,,0.5,
calgarysun.com,,,,,1.0,
californiaglobe.com,,,,,0.5,
caller.com,,,,,-0.5,
calltoactivism.com,,,,,-1.0,
calmatters.org,,,0.0,-0.5,,
cambridgetimes.ca,,,,,-0.5,
campaignforliberty.org,,,,,0.5,
campaignlifecoalition.com,,,,,1.0,
campusreform.org,,,,,1.0,2.11083776691418
canadafactcheck.ca,,,,,-1.0,
canadafreepress.com,,-0.416666666667,,,,
canadaland.com,,,,,-0.5,
canadiandimension.com,,,,,-1.0,
canadians.org,,,,,-0.5,
capecodtimes.com,,,,,0.0,
capecoralbreeze.com,,,,,0.0,
capitalandmain.com,,,,,-1.0,
capitalgazette.com,,,,,-0.5,
capitalisminstitute.org,0.9044,,,,,
capitalismmagazine.com,,,,,0.5,
capitalresearch.org,,,,,1.0,
capitolfax.com,,,,,0.0,
capoliticalreview.com,,,,,0.5,
care2.com,,,-1.0,-0.5,-1.0,
caribbeanlifenews.com,,,,,-0.5,
carnegieendowment.org,,,0.0,0.0,-0.5,
carolinapublicpress.org,,,,,-0.5,
carrollconews.com,,,,,0.0,
castanet.net,,,,,0.0,
catchnews.com,,,,,-0.5,
catholicnewsagency.com,0.5209,,,,,
cato.org,,,0.5,1.0,0.5,
cbc.ca,,,,,-0.5,
cbn.com,,,1.0,0.5,,
cbn.com/cbnnews,,,,,,1.6314295622509154
cbo.gov,,,,,0.0,
cbpp.org,,,-1.0,0.0,-0.5,
cbs.com,,,-0.5,0.0,,
cbs12.com,,,,,0.5,
cbs17.com,,,,,0.0,
cbs2iowa.com,,,,,0.5,
cbs42.com,,,,,0.0,
cbs46.com,,,,,0.0,
cbs4indy.com,,,,,0.0,
cbs4local.com,,,,,0.0,
cbs7.com,,,,,0.0,
cbs8.com,,,,,0.0,
cbsaustin.com,,,,,0.0,
cbsnews.com,-0.127,-0.0833333333333,,,-0.5,-0.1392966110237228
cbssports.com,,0.0,,,,
cc.org,,,,,1.0,
ccn.com,,,,,0.5,
cctimesdemocrat.com,,,,,0.0,
cdt.org,,,,,0.0,
ceasefiremagazine.co.uk,,,,,-1.0,
ced.org,,,,,0.0,
censor.net,,,,,-0.5,
centerforinquiry.org,,,,,-0.5,
centerforpolitics.org,,,,,-0.5,
centralillinoisproud.com,,,,,0.0,
cepr.net,,,,,-0.5,
cepr.org,,,,,0.0,
cfr.org,,,,,0.0,
cftni.org,,,,,0.5,
cgdev.org,,,,,-0.5,
chalkbeat.org,,,,,-0.5,
chandlernews.com,,,,,0.0,
change.org,-0.3442,-0.416666666667,,,-1.0,
channel3000.com,,,,,0.0,
channel4.com,,,,,-0.5,
channelnewsasia.com,,,,,0.0,
charismanews.com,0.871,,,,,
charitynavigator.org,,,,,0.0,
charlotteobserver.com,,0.0833333333333,,,-0.5,
checkyourfact.com,,,,,0.5,
cheddar.com,,,,,-0.5,
chicago.cbslocal.com,-0.2568,,,,-0.5,
chicago.suntimes.com,,-0.416666666667,-0.5,-0.5,,
chicagoreader.com,,,,,-1.0,
chicagoreporter.com,,,,,-1.0,
chicagotribune.com,-0.3117,0.0,0.0,0.0,0.5,
chicksonright.com,,,,,1.0,
chicoer.com,,,,,0.0,
chieftain.com,,,,,-0.5,
china.org.cn,,,,,-1.0,
chinadigitaltimes.net,,,,,0.5,
chinaglobalsouth.com,,,,,-0.5,
chinookobserver.com,,,,,0.0,
chippewa.com,,,,,0.0,
chosun.com,,,,,0.5,
christianheadlines.com,,,,,1.0,
christianitytoday.com,,,,,0.5,
christiannewsalerts.com,,,,,1.0,
christianpost.com,0.6722,0.25,,,1.0,
christiantoday.com,,,,,1.0,
chronicle.com,,,,,-0.5,
chroniclesmagazine.org,,,,,1.0,
cia.gov,,0.0,,,,
cincinnati.com,,0.0,,,0.0,
cinemablend.com,,0.0,,,,
circa.com,,,,,,0.5484283384117028
citizen-times.com,,,,,-0.5,
citizen.co.za,,,,,0.5,
citizen.org,,,,,-0.5,
citizencritics.org,,,,,-1.0,
citizenfreepress.com,,,,,1.0,
citizensforethics.org,,,,,-0.5,
citizensunited.org,,,,,1.0,
citizentruth.org,,,,,-0.5,
city-journal.org,,,,,1.0,1.142945487180719
cityandstateny.com,,,,,-0.5,
civilbeat.org,,,,,-0.5,
cjonline.com,,,,,-0.5,
cjr.org,,-0.0833333333333,,,-0.5,-0.6144166380447857
clantonadvertiser.com,,,,,0.5,
claremont.org,,,,,1.0,
clarin.com,,,,,0.5,
clarindaherald.com,,,,,0.0,
clarionledger.com,,,,,-0.5,
clashdaily.com,0.9218,,,,,
clasp.org,,,,,-1.0,
claytonrecord.com,,,,,0.0,
cleantechnica.com,,,,,-0.5,
cleveland.com,-0.4428,,,,-0.5,
cleveland19.com,,,,,0.0,
click2houston.com,0.1329,,,,0.0,
clickondetroit.com,-0.3654,,,,0.0,
clickorlando.com,,,,,0.0,
climatechangenews.com,,,,,-1.0,
climaterealityproject.org,,,,,-1.0,
clintonherald.com,,,,,-0.5,
cloverdalereporter.com,,,,,-0.5,
cnas.org,,,,,-0.5,
cnbc.com,0.0503,-0.25,0.0,-0.5,-0.5,0.3956886131381716
cnet.com,,-0.166666666667,,,0.0,
cnn.com,-0.2705,-0.666666666667,0.0,-0.5,-1.0,-0.3689967041942128
cnnpressroom.blogs.cnn.com,,0.0,,,,
cnsnews.com,0.89865,0.5,1.0,0.5,,2.039009416629052
cnycentral.com,,,,,0.5,
codepink.org,,,,,-1.0,
coed.com,,,,,-0.5,
colddeadhands.us,,,,,1.0,
collective-evolution.com,-0.3014,,,,,
colleges.usnews.rankingsandreviews.com,,0.0,,,,
colombiareports.com,,,,,-0.5,
coloradoan.com,,,,,-0.5,
coloradosun.com,,,,,-0.5,
colorlines.com,,,,,-1.0,-2.5962738232098963
columbia.edu,,,,,-0.5,
columbiadailyherald.com,,,,,0.5,
columbian.com,,,,,0.0,
columbusfreepress.com,,,,,-1.0,
columbustelegram.com,,,,,0.0,
comicsands.com,,,,,-1.0,
commentarymagazine.com,,,,,1.0,1.7576101110493425
commercial-news.com,,,,,-0.5,
commercialappeal.com,,,-0.5,0.0,0.0,
commoncause.org,,,,,-0.5,
commondreams.org,-0.9673,-0.166666666667,,,-1.0,-1.7288247466432811
commonwealmagazine.org,,,,,-0.5,
commonwealthfund.org,,,,,-0.5,
communemag.com,,,,,-1.0,
communityimpact.com,,,,,0.0,
complex.com,,-0.166666666667,,,-0.5,
concordmonitor.com,,,,,0.0,
congress.gov,,,,,0.0,
conservative.org,,,,,1.0,
conservativebrief.com,,,,,1.0,
conservativebyte.com,0.9063,,,,,
conservativefighters.co,,,,,1.0,
conservativehome.com,,,,,1.0,
conservativehq.com,,,1.0,0.5,,
conservativehq.org,,,,,1.0,
conservativeinfidel.com,0.9306,,,,,
conservativeinstitute.org,,,,,1.0,
conservativeopinion.com,,,,,1.0,
conservativeoutfitters.com,0.8686,,,,,
conservativepost.com,0.8962,,,,,
conservativereview.com,,0.333333333333,,,1.0,2.762466194461717
conservativesus.party,,,,,1.0,
conservativetoday.com,,,,,1.0,
conservativetribune.com,0.8866,1.0,,,,2.5865261525027208
conservativewoman.co.uk,,,,,1.0,
consortiumnews.com,,,,,-0.5,
constitutioncenter.org,,,,,0.0,
consumerreports.org,,,,,0.0,
controversialtimes.com,0.7836,,,,,
cookpolitical.com,,,0.0,0.0,0.0,-0.4037364781153782
copblock.org,,,,,-1.0,
coronavirus.gov,,,,,0.0,
corriere.it,,,,,0.0,
cosmopolitan.com,,-0.333333333333,,,-1.0,
countable.com,,,,,0.0,
countercurrentnews.com,-0.556,,,,,
countercurrents.org,,,,,-1.0,
counterpunch.org,,,,,-1.0,
counton2.com,,,,,0.0,
countryliving.com,,,,,0.0,
courant.com,-0.1968,,,,-0.5,
courier-journal.com,,,-0.5,-0.5,-0.5,
courier-tribune.com,,,,,0.0,
couriermail.com.au,,,,,0.5,
couriernews.com,,,,,0.5,
courierpress.com,,,,,-0.5,
courthousenews.com,,,,,0.0,
courttv.com,,,,,0.0,
covidtracking.com,,,,,0.0,
cp24.com,,,,,0.0,
cpac.ca,,,,,0.0,
cpi.org,,,,,1.0,
cpj.org,,,,,0.0,
craigdailypress.com,,,,,0.0,
crainscleveland.com,,,,,0.0,
crainsdetroit.com,,,,,0.0,
crfb.org,,,,,0.5,
crikey.com.au,,,,,-1.0,
crimeresearch.org,,,,,1.0,
crimethinc.com,,,,,-1.0,
crisisgroup.org,,,,,-0.5,
crisismagazine.com,,,,,1.0,
crooked.com,,,,,-1.0,-1.4836212068965453
crooksandliars.com,-0.9218,,,,-1.0,-1.260602938372604
crosscut.com,,,,,-0.5,
crossroadstoday.com,,,,,0.0,
crowdpac.com,,,0.0,0.0,,
crtv.com,,0.5,,,,2.734582119331198
cruisecritic.com,,0.0,,,,
cruxnow.com,,,,,0.0,
cruz.senate.gov,0.8733,,,,,
csis.org,,,,,0.0,
csmonitor.com,,0.333333333333,0.0,0.5,0.0,-0.0922828846717314
ctj.org,,,,,-0.5,
ctmirror.org,,,,,-0.5,
ctpost.com,,,,,-0.5,
ctvnews.ca,,,,,0.0,
cullmantimes.com,,,,,-0.5,
cumberlink.com,,,,,0.0,
currentaffairs.org,,,,,-1.0,-2.331109949930007
curvemag.com,,,,,-1.0,
cw33.com,,,,,0.0,
cw39.com,,,,,0.0,
daily-chronicle.com,,,,,0.0,
daily-journal.com,,,,,0.0,
daily49er.com,,,,,-1.0,
dailyadvocate.com,,,,,0.5,
dailybreeze.com,,,,,0.0,
dailybulletin.com,,,,,0.0,
dailycaller.com,0.8697,0.75,1.0,1.0,1.0,1.9142792182296504
dailycamera.com,,,,,0.0,
dailyclimate.org,,,,,-0.5,
dailycomet.com,,,,,-0.5,
dailycommercial.com,,,,,-0.5,
dailycurrant.com,-0.375,,,,,
dailydot.com,-0.5961,,,,-1.0,0.060569725962871
dailyfinance.com,,0.0,,,,
dailygazette.com,,,,,0.0,
dailyherald.com,,,,,0.5,
dailyhive.com,,,,,-0.5,
dailyjournal.net,,,,,0.5,
dailyjournalonline.com,,,,,0.0,
dailykos.com,-0.8972,-0.666666666667,-1.0,-0.5,-1.0,-1.2196837849129412
dailymail.co.uk,0.286,0.0,1.0,0.5,,
dailymaverick.co.za,,,,,0.0,
dailynews.com,,,,,0.5,
dailynewsbin.com,,,,,-1.0,
dailynorthwestern.com,,,-0.5,-0.5,0.0,
dailyo.in,,,,,0.5,
dailypress.com,,,0.5,0.5,0.5,
dailypress.net,,,,,0.0,
dailyprogress.com,,,0.0,-0.5,0.0,
dailyreckoning.com,,,,,1.0,
dailyrecord.co.uk,,,,,-1.0,
dailyrecord.com,,,,,0.0,
dailysignal.com,0.9319,0.333333333333,,,1.0,2.198809430727389
dailysoundandfury.com,,,,,-1.0,
dailystar.co.uk,,0.0,,,,
dailytargum.com,,,-0.5,-0.5,,
dailytarheel.com,,,,,-0.5,
dailytelegraph.com.au,,,,,1.0,
dailytorch.com,,,,,1.0,
dailywire.com,,,1.0,1.0,1.0,2.072339319931612
dailyworld.com,,,,,-0.5,
dallasnews.com,,0.25,,,0.5,
dallasvoice.com,,,,,-1.0,
daltondailycitizen.com,,,,,-0.5,
darientimes.com,,,,,0.0,
dawn.com,,,,,-0.5,
dayton247now.com,,,,,0.5,
daytondailynews.com,,,,,0.0,
dbrnews.com,,,,,0.0,
dc-chronicle.com,,,,,1.0,
dccircuitbreaker.org,,,,,0.0,
dcclothesline.com,0.8059999999999999,,,,,
dcenquirer.com,,,,,1.0,
dcgazette.com,0.883,,,,,
dcist.com,,,,,-0.5,
dcreport.org,,,,,-0.5,
dcstatesman.com,,,,,1.0,
deadline.com,,0.0,,,-0.5,
deadspin.com,,-0.0833333333333,,,-1.0,
deadstate.org,,,,,-1.0,
deathandtaxesmag.com,,-0.0833333333333,,,,
debunkingdenialism.com,,,,,-0.5,
deccanchronicle.com,,,,,0.5,
deccanherald.com,,,,,-0.5,
defconwarningsystem.com,,,,,0.0,
defenddemocracy.org,,,,,1.0,
defense.gov,,0.0,,,,
defensenews.com,,,,,0.0,
defenseone.com,,,,,0.0,
delawareonline.com,,,,,-0.5,
delcotimes.com,,,-0.5,-0.5,,
delgazette.com,,,,,0.5,
delmarvanow.com,,,,,-0.5,
delo.si,,,,,-0.5,
deltanews.tv,,,,,0.0,
demconvention.com,,-0.5,,,,
democracy21.org,,,,,-0.5,
democracychronicles.org,,,,,-1.0,
democracyguardian.com,,,,,-1.0,
democracyjournal.org,,,,,-1.0,
democracynow.org,-0.934,-0.0833333333333,-1.0,0.0,-1.0,-2.471694670381372
democratandchronicle.com,,-0.0833333333333,,,-0.5,
democratherald.com,,,,,0.0,
democratichub.com,,,,,-1.0,
democraticunderground.com,,,,,-1.0,
democrats.org,,-0.666666666667,,,,
demopolistimes.com,,,,,0.5,
demos.org,,,,,-0.5,
dennismichaellynch.com,,,,,1.0,
dentonrc.com,,,,,0.0,
denver.cbslocal.com,,,,,-0.5,
denvergazette.com,,,,,0.5,
denverpost.com,-0.2012,0.0,,,-0.5,
derstandard.at,,,,,-0.5,
deseret.com,,,,,0.5,
deseretnews.com,,,0.5,1.0,,
desertsun.com,,,,,0.5,
deshabhimani.com,,,,,-1.0,
desmogblog.com,,,,,-1.0,
desmoinesregister.com,,,,,0.0,
detik.com,,,,,0.0,
detroit.cbslocal.com,,,,,-0.5,
detroitnews.com,,0.333333333333,,,0.5,
deutschland.de,,,,,0.5,
dfw.cbslocal.com,,0.0,,,,
dglobe.com,,,,,0.5,
dictionary.com,,0.0,,,,
diepresse.com,,,,,0.5,
differencebetween.net,,,,,0.0,
digg.com,,,,,-0.5,
digi24.ro,,,,,0.0,
digitaljournal.com,,,,,0.0,
digitalmusicnews.com,,0.0833333333333,,,,
dineshdsouza.com,0.937,,,,,
diply.com,,,,,-0.5,
dispatch.com,,,,,-0.5,
disrn.com,,,,,1.0,
dissentmagazine.org,,,,,-1.0,
distractify.com,,-0.166666666667,,,,
diversityinc.com,,,,,-0.5,
dl-online.com,,,,,0.5,
dmagazine.com,,,,,0.0,
dn.se,,,,,0.5,
dnj.com,,,,,-0.5,
doctorswithoutborders.org,,,,,0.0,
dodgeglobe.com,,,,,0.0,
dominionpost.com,,,,,-0.5,
donaldjtrump.com,,0.5,,,1.0,
dorsetecho.co.uk,,,,,0.0,
dothaneagle.com,,,,,0.0,
douglascountysentinel.com,,,,,0.5,
downsizinggovernment.org,,,,,0.5,
downtrend.com,0.9136,,,,,
dpa.com,,,,,0.0,
dribbble.com,,0.0,,,,
drudge.com,,,,,-1.0,
drudgereport.com,,,1.0,1.0,0.5,
drugs.com,,0.0,,,,
dscc.org,,-0.583333333333,,,,
duffelblog.com,0.5205,,,,,
dukechronicle.com,,,0.0,-0.5,,
duluthnewstribune.com,,,,,0.0,
dundalkeagle.com,,,,,-0.5,
durangoherald.com,,,,,0.5,
durhamregion.com,,,,,-0.5,
dutchreview.com,,,,,-0.5,
dw.com,,,,,-0.5,
dworkinreport.com,,,,,-1.0,
eaglerising.com,0.9018,,,,,
eagletribune.com,,,,,0.0,
earthfirstjournal.news,,,,,-1.0,
earthjustice.org,,,,,-0.5,
earthweareone.com,-0.4698,,,,,
eastbaytimes.com,,,,,-0.5,
eastidahonews.com,,,,,0.0,
eastvalleytribune.com,,,,,0.0,
eatthis.com,,,,,0.0,
ebar.com,,,,,-1.0,
ebaumsworld.com,,0.0,,,,
ecfr.eu,,,,,-0.5,
echopress.com,,,,,0.5,
econlib.org,,,,,1.0,
econofact.org,,,,,-0.5,
economicpolicyjournal.com,,,,,1.0,
economicshelp.org,,,,,-0.5,
economictimes.indiatimes.com,,0.0,,,,
economist.com,-0.3173,0.0,-0.5,0.5,0.0,-0.2303616027387991
ecowatch.com,-0.8554,,,,-1.0,
ecuavisa.com,,,,,0.5,
edf.org,,,-0.5,-0.5,,
edge.org,,0.0,,,,
edition.cnn.com,-0.2615,,,,,
edmonton.citynews.ca,,,,,0.0,
edmontonexaminer.com,,,,,0.5,
edmontonjournal.com,,,,,0.5,
edmontonsun.com,,,,,0.5,
edp24.co.uk,,,,,0.0,
educationvotes.nea.org,,,-1.0,0.0,,
eff.org,,,,,-0.5,
effinghamdailynews.com,,,,,-0.5,
egbertowillies.com,-0.8701,,,,-1.0,
egyptianstreets.com,,,,,-0.5,
egypttoday.com,,,,,1.0,
ejinsight.com,,,,,-0.5,
ekirikas.com,,,,,0.5,
eldiario.es,,,,,-0.5,
eldiariony.com,,,,,-0.5,
elections.huffingtonpost.com,,-0.166666666667,,,,
electoral-vote.com,,,,,-1.0,
electronicintifada.net,-0.8074,,,,-1.0,
elitedaily.com,-0.2558,-0.0833333333333,,,-1.0,-0.4918385336531515
elkharttruth.com,,,,,0.5,
elkodaily.com,,,,,0.0,
elle.com,,,,,-1.0,
elmundo.es,,,,,0.5,
elnuevodia.com,,,,,0.0,
elpais.com,,,,,-0.5,
elpasotimes.com,,,,,-0.5,
eluniverso.com,,,,,0.5,
emerging-europe.com,,,,,-0.5,
emountainwave.com,,,,,0.0,
empirenews.net,-0.0158,,,,,
emptywheel.net,,,,,-0.5,
en.kremlin.ru,,0.0833333333333,,,,
en.wikipedia.org,-0.2145,0.0,,,,
en.wiktionary.org,,0.0,,,,
endtimeheadlines.org,0.7572,,,,0.5,
energycitizens.org,,,,,1.0,
enewscourier.com,,,,,-0.5,
engadget.com,,0.0,,,-0.5,
enterprisenews.com,,,,,-0.5,
entrepreneur.com,,,,,0.5,
eonline.com,,0.0,,,,
epi.org,,,-1.0,0.0,-0.5,
epnewsleader.com,,,,,1.0,
eppc.org,,,,,0.5,
erlc.com,,,,,1.0,
err.ee,,,,,0.0,
espn.com,,-0.0833333333333,,,-0.5,
esquire.com,,-0.5,,,-1.0,
essence.com,,-0.333333333333,,,,
etsy.com,,0.0,,,,
euobserver.com,,,,,-0.5,
euractiv.com,,,,,-0.5,
eurasiagroup.net,,,,,0.0,
eurasiareview.com,,,,,-0.5,
eurekalert.org,,,0.0,0.0,,
euromaidanpress.com,,,,,-0.5,
euronews.com,,,,,-0.5,
everycrsreport.com,,,,,0.0,
everydayfeminism.com,,,,,-1.0,
evonomics.com,,,,,-1.0,
ew.com,,0.0,,,-0.5,
examiner.com,0.3807,,,,,
exposingtruth.com,,,,,-0.5,
express.co.uk,,-0.0833333333333,,,1.0,
expressen.se,,,,,0.5,
expressnews.com,,,,,-0.5,
extranewsfeed.com,,,,,-1.0,
facebook.com,,-0.0833333333333,,,,
factcheck.org,,0.0,0.0,-0.5,0.0,0.0183929201848552
factmyth.com,,,,,-0.5,
factsandlogic.org,,,,,1.0,
factwire.org,,,,,0.0,
fair.org,,,-0.5,-0.5,-0.5,
fairborndailyherald.com,,,,,0.5,
fairmontsentinel.com,,,,,0.0,
fairobserver.com,,,,,-0.5,
fairvote.org,,,,,-0.5,
faithfamilyamerica.com,,,,,0.5,
faithwire.com,,,,,1.0,
fakehatecrimes.org,,,,,1.0,
fangraphs.com,,0.0,,,,
farleftwatch.com,,,,,1.0,
farrahgray.com,-0.7616,,,,,
fas.org,,,-0.5,0.0,,
fastcompany.com,,,,,-0.5,
fayobserver.com,,,,,0.0,
faz.net,,,,,0.5,
fbherald.com,,,,,0.5,
fcnews.org,,,,,0.5,
federalnewsnetwork.com,,,,,0.0,
federaltimes.com,,,,,0.0,
fedsoc.org,,,,,1.0,
fee.org,,,,,0.5,
feministcurrent.com,,,,,-1.0,
feministfrequency.com,,,,,-0.5,
feministing.com,,,,,-1.0,
ff.org,,,,,1.0,
fff.org,,,,,1.0,
ffrf.org,,,,,-1.0,
fifthestate.org,,,,,-1.0,
fightforthefuture.org,,,,,-0.5,
filmingcops.com,-0.389,,,,,
finance.yahoo.com,0.0777,0.0,,,,
financialexpress.com,,,,,0.5,
financialpost.com,,,,,0.5,
finnishnews.fi,,,,,-1.0,
firearmsnews.com,,,,,0.5,
firstcoastnews.com,0.1755,,,,0.0,
firstdraftnews.org,,,,,0.0,
firstlook.org,-0.6805,,,,,
firstpost.com,,,,,0.5,
firstthings.com,,,,,1.0,1.4483455033350277
fitchratings.com,,,,,0.5,
fitsnews.com,,,,,0.5,
fivethirtyeight.com,-0.5225,-0.25,0.0,0.0,-0.5,-0.3869405393638039
flippinonline.com,,,,,0.0,
floridapolitics.com,,,,,0.0,
focustaiwan.tw,,,,,-0.5,
followthemoney.org,,,,,0.0,
foodandwaterwatch.org,,,,,-1.0,
foodnavigator.com,,,,,-0.5,
fool.com,,0.0,,,-0.5,
forbes.com,0.0563,0.0,0.0,0.5,0.5,0.1857471262890626
foreignaffairs.com,,-0.5,0.0,0.0,0.0,-0.5422402517999647
foreignpolicy.com,-0.1516,-0.0833333333333,,,0.0,-0.2009173124127329
foreignpolicyjournal.com,,,,,-1.0,
foreignpolicynews.org,,,,,-1.0,
fortnightlyreview.co.uk,,,,,0.5,
fortune.com,,-0.166666666667,,,0.5,-0.2540694529485955
forward.com,,,,,-0.5,
forwardprogressives.com,-0.8744,-0.583333333333,,,,
fosters.com,,,,,0.0,
foursquare.com,,0.0,,,,
fourstateshomepage.com,,,,,0.0,
fox10phoenix.com,0.2386,,,,0.0,
fox10tv.com,,,,,0.0,
fox11online.com,,,,,0.5,
fox13memphis.com,,,,,0.0,
fox13now.com,0.0538,,,,,
fox16.com,,,,,0.0,
fox17.com,,,,,0.5,
fox17online.com,,,,,0.0,
fox19.com,,,,,0.0,
fox21news.com,,,,,0.0,
fox23.com,,,,,0.0,
fox23maine.com,,,,,0.5,
fox28media.com,,,,,0.5,
fox29.com,,,,,0.0,
fox2now.com,-0.1395,,,,0.0,
fox35orlando.com,,,,,0.0,
fox38corpuschristi.com,,,,,0.5,
fox40.com,,,,,0.0,
fox40jackson.com,,,,,0.0,
fox42kptm.com,,,,,0.5,
fox43.com,,,,,0.0,
fox44news.com,,,,,0.0,
fox46.com,,,,,0.0,
fox47.com,,,,,0.0,
fox4beaumont.com,,,,,0.5,
fox4kc.com,0.0444,,,,0.0,
fox4now.com,,,,,0.0,
fox56.com,,,,,0.5,
fox59.com,0.0195,0.0,,,0.0,
fox5sandiego.com,,,,,0.0,
fox5vegas.com,,,,,0.0,
fox61.com,,,,,0.0,
fox6now.com,-0.0939,0.166666666667,,,,
fox8.com,-0.1676,,,,0.0,
fox8live.com,,,,,0.0,
foxbaltimore.com,-0.1907,,,,0.5,
foxbusiness.com,,0.5,,,0.5,1.659613738382843
foxcarolina.com,0.3233,,,,0.0,
foxchattanooga.com,,,,,0.5,
foxillinois.com,,,,,0.5,
foxkansas.com,,,,,0.5,
foxlexington.com,,,,,0.5,
foxnebraska.com,,,,,0.5,
foxnews.com,0.7754,0.25,0.5,1.0,,1.5192274133658414
foxnewsinsider.com,0.8334,,,,,
foxreno.com,,,,,0.5,
foxrichmond.com,,,,,0.5,
foxrochester.com,,,,,0.5,
foxsanantonio.com,,,,,0.5,
foxsports.com,,0.0,,,,
fpif.org,,,,,-0.5,
fpri.org,,,,,0.5,
france24.com,,,,,0.0,
francetvinfo.fr,,,,,-0.5,
franklinnews.org,,,,,0.5,
fraserinstitute.org,,,,,0.5,
freakonomics.com,,,0.0,0.0,-0.5,
fredericknewspost.com,,,,,0.0,
fredericksburg.com,,,,,0.0,
freebeacon.com,0.8778,,1.0,0.5,1.0,2.0318052810575136
freedomalliance.org,,,,,0.5,
freedomandprosperity.org,,,,,1.0,
freedomdaily.com,,0.333333333333,,,,
freedomhouse.org,,,0.5,1.0,0.5,
freedomnews.org.uk,,,,,-1.0,
freedomoutpost.com,0.9042,,,,,
freedomworks.org,,,,,1.0,
freep.com,-0.4596,0.166666666667,,,-0.5,
freepress.org,,,,,-1.0,
freerepublic.com,,,,,1.0,
freespeech.org,,,,,-1.0,
freethink.com,,,,,-0.5,
fremonttribune.com,,,,,0.0,
fresnobee.com,,,,,-0.5,
frnewsreport.com,,,,,-1.0,
frontiersman.com,,,,,0.5,
frontpagelive.com,,,,,-1.0,
frontpagemag.com,0.9284,,1.0,1.0,,
ft.com,,,,,0.0,
ftleavenworthlamp.com,,,,,0.0,
fullfact.org,,,,,0.0,
fullmeasure.news,,,,,,0.9394272704229766
fusion.net,,0.0,,,,
fusion.tv,,,,,-0.5,
fwweekly.com,,,,,-0.5,
g-a-i.org,,,,,1.0,
gadsdentimes.com,,,,,-0.5,
gainesville.com,,,,,-0.5,
gallup.com,,,0.0,0.0,0.0,0.5846661016848028
galvnews.com,,,,,0.5,
gamesradar.com,,0.0,,,,
gao.gov,,,,,0.0,
gawker.com,-0.7749,,,,-1.0,
gaycitynews.com,,,,,-1.0,
gaystarnews.com,,,,,-1.0,
gazette.com,,,,,0.5,
gazettenet.com,,,,,-0.5,
gazettetimes.com,,,,,0.0,
geek.com,,,,,0.0,
geo.tv,,,,,0.5,
geopoliticsalert.com,,,,,-1.0,
getreligion.org,,,,,1.0,
ghionjournal.com,,,,,-1.0,
giffords.org,,,,,-1.0,
gilbertsunnews.com,,,,,0.0,
gizmodo.com,-0.3002,-0.25,,,-1.0,
glaad.org,,,,,-1.0,
gladstonedispatch.com,,,,,0.0,
glamour.com,,,,,-0.5,
glennbeck.com,0.969,,,,,
globalcitizen.org,,,,,-0.5,
globalgrind.com,-0.8729,,,,,
globalintegrity.org,,,,,0.0,
globalnews.ca,,,,,-0.5,
globalrealnews.com,,,,,-0.5,
globalresearch.ca,-0.252,,,,,
globalriskinsights.com,,,,,-0.5,
globalslaveryindex.org,,,,,0.0,
globaltimes.cn,,,,,-0.5,
globalvoices.org,,,,,-1.0,
globegazette.com,,,,,0.0,
gma.yahoo.com,-0.0472,,,,,
gmanetwork.com,,,,,-0.5,
gmfus.org,,,,,0.0,
godanriver.com,,,,,0.0,
goerie.com,,,,,0.0,
good.is,,0.0,,,-1.0,-1.9000323126246912
goodmenproject.com,,,,,-1.0,
goodnewsnetwork.org,,,,,0.0,
google.com,,,,,-0.5,
gop.com,0.9268,0.75,,,,
gop.gov,,,1.0,0.5,,
gopthedailydose.com,0.9386,,,,,
gopusa.com,,,,,1.0,
goshennews.com,,,,,-0.5,
gothamist.com,-0.7415,,,,-0.5,
governing.com,,-0.166666666667,,,-0.5,-0.1624995123967752
govexec.com,,,,,-0.5,
govtrack.us,,,,,0.0,
gp.se,,,,,0.5,
gq.com,,-0.0833333333333,,,-1.0,
grabien.com,,,,,1.0,
grandforksherald.com,,,,,0.5,
gravelinstitute.org,,,,,-1.0,
greatamericanpolitics.com,,,,,1.0,
greatfallstribune.com,,,,,0.0,
greeleytribune.com,,,,,0.5,
greenbaypressgazette.com,,,,,0.0,
greenfieldreporter.com,,,,,0.5,
greenleft.org.au,,,,,-1.0,
greensboro.com,,,,,-0.5,
greenvilleadvocate.com,,,,,0.5,
greenvilleonline.com,,,,,0.0,
grid.news,,,,,-0.5,
griffindailynews.com,,,,,0.5,
grist.org,-0.8452,,,,-0.5,
gritpost.com,,,,,-1.0,
ground.news,,,,,0.0,
group30.org,,,,,0.0,
guampdn.com,,,,,0.0,
guardianlv.com,,,,,-1.0,
guardonline.com,,,,,0.5,
guelphmercury.com,,,,,-0.5,
guns.com,0.7536,,,,0.5,
gunssavelives.net,0.7862,,,,,
gunviolencearchive.org,,,,,-0.5,
guttmacher.org,,,,,-0.5,
haaretz.com,-0.504,,,,-1.0,
halifax.citynews.ca,,,,,0.0,
hamburgreporter.com,,,,,0.0,
hanfordsentinel.com,,,,,0.0,
hannity.com,0.9444,,,,,
harpers.org,,,,,-0.5,
harpersbazaar.com,,,,,-1.0,
harvard.edu,,,,,0.0,
harvardpolitics.com,,,,,-0.5,
hastingstribune.com,,,,,0.0,
hawaiinewsnow.com,,,,,0.0,
hawaiitribune-herald.com,,,,,-0.5,
hbr.org,,,,,0.0,0.0180012987611649
hbswk.hbs.edu,,,-0.5,0.0,,
hcn.org,,,,,-0.5,
health.com,,,,,-0.5,
healthcare.gov,,,-0.5,0.0,,
healthcarefinancenews.com,,,,,0.0,
healthcentral.com,,0.0,,,,
healthimpactnews.com,0.5548,,,,,
healthyway.com,,,,,-0.5,
heavy.com,,0.0,,,-0.5,
hechingerreport.org,,,,,-0.5,
helenair.com,,,,,0.0,
helpguide.org,,0.0,,,,
helsinkitimes.fi,,,,,-0.5,
helvidius.org,,,,,-0.5,
herald-dispatch.com,,,,,0.0,
herald-review.com,,,,,0.0,
heraldbulletin.com,,,,,-0.5,
heraldcourier.com,,,,,0.0,
heraldmailmedia.com,,,,,-0.5,
heraldnet.com,,,,,-0.5,
heraldnews.com,,,,,0.0,
heraldonline.com,,,,,-0.5,
heraldscotland.com,,,,,-0.5,
heraldsun.com,,,,,0.0,
heraldsun.com.au,,,,,0.5,
heraldtribune.com,,,,,0.0,
heritage.org,,,0.5,1.0,1.0,
hermancain.com,,,,,1.0,
heterodoxacademy.org,,,,,0.0,
hiawathaworldonline.com,,,,,0.0,
hickoryrecord.com,,,,,0.0,
hidesertstar.com,,,,,0.5,
hightimes.com,-0.47665,,,,-1.0,
hillreporter.com,,,,,-1.0,
hillsdale.edu,,,,,1.0,
hilltimes.com,,,,,-0.5,
hindustantimes.com,,0.0,,,-0.5,
history.com,,0.0,,,,
historynewsnetwork.org,,-0.333333333333,,,-0.5,
hitc.com,,,,,-0.5,
hln.be,,,,,0.5,
hngn.com,,0.0833333333333,,,,
hollywoodreporter.com,,-0.166666666667,,,-0.5,
homelandsecuritynewswire.com,,,,,0.0,
honestreporting.com,,,,,0.5,
hoover.org,,,,,0.5,
hopestandard.com,,,,,-0.5,
host.madison.com,-0.7585,,,,,
hosted.ap.org,0.5827,,,,,
hotair.com,0.9247,0.5,0.5,1.0,1.0,1.27272144348284
hotnewhiphop.com,,0.0,,,,
hotnews.ro,,,,,-0.5,
houmatoday.com,,,,,-0.5,
house.gov,,,,,0.0,
houstonchronicle.com,,,,,-0.5,
howstuffworks.com,,,,,0.0,
howtogeek.com,,,,,0.0,
hpenews.com,,,,,0.5,
hrc.org,,,,,-1.0,
hrw.org,,,,,-0.5,
hs.fi,,,,,-0.5,
hudson.org,,,,,1.0,
huffingtonpost.ca,-0.469,,,,,
huffingtonpost.co.uk,-0.4205,,,,,
huffingtonpost.com,-0.6176,-0.583333333333,-1.0,-0.5,-0.5,-1.0576127713278285
huffpost.com,,,,,-1.0,
humanevents.com,0.9303,,,,1.0,
humanium.org,,,,,-0.5,
humanprogress.org,,,,,0.5,
hurriyet.com.tr,,,,,1.0,
hurriyetdailynews.com,,0.0,,,1.0,
hutchnews.com,,,,,-0.5,
huzlers.com,-0.4188,,,,,
i24news.tv,,,,,0.0,
ibleedredwhiteblue.com,,,,,1.0,
ibtimes.co.uk,0.0264,0.0,,,,
ibtimes.com,-0.1405,-0.166666666667,0.0,0.0,-0.5,-0.1407308077786037
icenews.is,,,,,-0.5,
icij.org,,,,,0.0,
icitizen.com,,,,,0.0,
icrw.org,,,,,-0.5,
idahopress.com,,,,,-0.5,
idahostatejournal.com,,,,,0.5,
idahostatesman.com,,,,,0.0,
idsnews.com,,,0.0,0.0,,
iea.org,,,,,0.0,
iefimerida.gr,,,,,0.5,
ifamericaknew.org,,,,,-0.5,
iflscience.com,-0.4537,,,,-0.5,
ifstudies.org,,,,,1.0,
ifyouonlynews.com,-0.8964,,,,,
ijr.com,,0.666666666667,,,1.0,1.5210113618165633
ijreview.com,0.8901,,0.5,1.0,,
ilgiornale.it,,,,,0.5,
illinoispolicy.org,,,,,1.0,
imdb.com,,0.0,,,,
imediaethics.org,,,,,0.0,
imeu.org,,,,,-0.5,
in.gov,,0.0,,,,
inc.com,,,,,0.0,
independent.co.uk,-0.3598,-0.0833333333333,,,-0.5,
independent.com,,0.0,,,-0.5,
independent.ie,,,,,0.5,
independent.org,,,,,0.5,
independentaustralia.net,,,,,-0.5,
independentmail.com,,,,,0.0,
independentsector.org,,0.0,,,,
independenttribune.com,,,,,0.0,
index.hr,,,,,-0.5,
indexmundi.com,,,,,0.0,
india.com,,,,,0.5,
indiancountrytodaymedianetwork.com,-0.6920000000000001,,,,,
indianexpress.com,,0.0,,,-0.5,
indiatoday.in,,,,,0.5,
indiatoday.intoday.in,,0.0,,,,
indiatvnews.com,,,,,0.5,
indy100.com,,0.0,,,,
indypendent.org,,,,,-1.0,
indystar.com,,-0.166666666667,,,0.0,
indyweek.com,,,-0.5,-0.5,,
inequalitymedia.org,,,,,-1.0,
inews.co.uk,,,,,-0.5,
influencewatch.org,,,,,1.0,
infobae.com,,,,,-0.5,
infoplease.com,,0.0,,,,
inforum.com,,,,,0.5,
infowars.com,0.5997,0.583333333333,1.0,1.0,,
inhomelandsecurity.com,,,,,0.5,
inquirer.com,,,,,-0.5,
inquirer.net,,,,,-0.5,
inquisitr.com,0.0977,-0.166666666667,,,-0.5,-0.565943180290942
insideclimatenews.org,,,,,-0.5,
insideedition.com,,0.0,,,-0.5,
insideevs.com,,,,,-0.5,
insidehalton.com,,,,,-0.5,
insidehighered.com,,-0.333333333333,,,-0.5,
insideottawavalley.com,,,,,-0.5,
insidephilanthropy.com,,,,,-0.5,
insider.com,,,,,-0.5,
insider.foxnews.com,0.8239,-0.0833333333333,,,,
insidermonkey.com,,0.0833333333333,,,,
insidesources.com,,,,,0.5,
instagram.com,,0.0,,,,
instituteforgovernment.org.uk,,,,,-0.5,
intellectualtakeout.org,,,,,1.0,
interfax.ru,,,,,0.5,
internationalpolicy.org,,,,,-0.5,
internationalviewpoint.org,,,,,-1.0,
interpretermag.com,,,,,-0.5,
inthesetimes.com,,,,,-1.0,-2.0661936374873484
intpolicydigest.org,,,,,-1.0,
intrepidreport.com,,,,,-1.0,
inverse.com,,0.0,,,-0.5,
investigaterussia.org,,,,,-0.5,
investigations.peta.org,-0.4281,,,,,
investing.com,,,,,0.0,
investopedia.com,,0.0,,,0.0,
investors.com,,0.0,0.5,1.0,1.0,
investortimes.com,,,,,0.5,
iowacapitaldispatch.com,,,,,-1.0,
iowastartingline.com,,,,,-1.0,
ipi.media,,,,,0.0,
ipolitics.ca,,,,,-0.5,
ips-dc.org,,,-0.5,-1.0,-1.0,
ipsos.com,,,,,0.0,
ire.org,,,,,0.0,
irishtimes.com,,,,,-0.5,
ironmountaindailynews.com,,,,,0.0,
irrawaddy.com,,,,,-0.5,
israel21c.org,,,,,-0.5,
israelhayom.com,,,,,1.0,
israelnationalnews.com,0.7646,,,,0.5,
israelvideonetwork.com,0.706,,,,,
issuesinsights.com,,,,,1.0,
itep.org,,,,,-0.5,
itsgoingdown.org,,,,,-1.0,
itun.es,,0.0,,,,
itunes.apple.com,,0.0,,,,
itv.com,,,,,0.5,
ivn.us,,,0.0,-0.5,0.0,
iwf.org,,,,,1.0,
iwpr.org,,,,,0.0,
jacksonfreepress.com,,,,,-0.5,
jacksonsun.com,,,,,0.0,
jacksonville.com,,,,,0.0,
jacobinmag.com,,0.0,,,-1.0,-2.030100368655462
jalopnik.com,,,,,-0.5,
jamestown.org,,,,,0.0,
jamestownsun.com,,,,,0.5,
janes.com,,,,,0.0,
japantimes.co.jp,,,,,0.0,
japantoday.com,,,,,-0.5,
jconline.com,,,,,-0.5,
jewishbreakingnews.com,,,,,0.5,
jewishjournal.com,,,,,0.5,
jewishpolicycenter.org,,,,,1.0,
jewishpress.com,0.5559,,,,0.5,
jewishworldreview.com,,,,,1.0,
jewsnews.co.il,0.6922,,,,,
jezebel.com,-0.9487,,,,-1.0,-1.3403240416928783
jfklibrary.org,,0.0,,,,
jihadica.com,,,,,-0.5,
jihadwatch.org,0.8390000000000001,,,,,
jns.org,,,,,0.5,
joebiden.com,,,,,-1.0,
joeforamerica.com,0.8878,,,,,
join1440.com,,,,,0.0,
jointcenter.org,,,,,-0.5,
jonesborosun.com,,,,,0.5,
jordantimes.com,,,,,0.0,
journal-news.com,,,,,0.0,
journal-news.net,,,,,0.5,
journaldemontreal.com,,,,,1.0,
journalgazette.net,,,,,0.0,
journalistsresource.org,,,0.0,0.0,,
journalnow.com,,,,,0.0,
journalstandard.com,,,,,0.0,
journalstar.com,,,,,0.0,
journaltimes.com,,,,,0.0,
jpost.com,0.4149,-0.0833333333333,,,0.5,
jrn.com,-0.0377,,,,,
jsonline.com,-0.4045,,,,-0.5,
jta.org,,,,,0.0,
juancole.com,,,,,-1.0,
judicialnetwork.com,,,,,1.0,
judicialwatch.org,0.8287,,0.5,1.0,,
junkee.com,,,,,-1.0,
justfacts.com,,,,,0.5,
justfactsdaily.com,,,,,0.5,
justicedenied.org,,,,,0.0,
justjared.com,,0.0,,,,
justsecurity.org,,,,,-0.5,-0.3787064258795103
kaaltv.com,,,,,0.0,
kadn.com,,,,,0.0,
kagstv.com,,,,,0.0,
kait8.com,,,,,0.0,
kalb.com,,,,,0.0,
kansas.com,,,,,0.0,
kansascity.com,-0.4023,0.0,,,-0.5,
kansaspolicy.org,,,,,1.0,
kare11.com,,,,,0.0,
kark.com,,,,,0.0,
katu.com,,,,,0.5,
katv.com,,,,,0.5,
kbjr6.com,,,,,0.0,
kbsi23.com,,,,,0.5,
kbtx.com,,,,,0.0,
kcbd.com,,,,,0.0,
kcby.com,,,,,0.5,
kcci.com,,,,,0.0,
kcentv.com,,,,,0.0,
kcra.com,,,,,0.0,
kcrg.com,,,,,0.0,
kctv5.com,-0.2071,,,,0.0,
kdrv.com,,,,,0.0,
kdsm17.com,,,,,0.5,
kdvr.com,0.0225,,,,0.0,
kearneyhub.com,,,,,0.0,
keloland.com,,,,,0.0,
kenoshanews.com,,,,,-0.5,
kens5.com,,,,,0.0,
kentucky.com,,,,,-0.5,
keprtv.com,,,,,0.5,
kesq.com,,,,,0.0,
ketk.com,,,,,0.0,
ketv.com,,,,,0.0,
keysnews.com,,,,,0.0,
keyt.com,,,,,0.0,
kezi.com,,,,,0.0,
kfdm.com,,,,,0.5,
kff.org,,,,,-0.5,
kfor.com,0.1097,,,,0.0,
kfoxtv.com,,,,,0.5,
kfvs12.com,,,,,0.0,
kgns.tv,,,,,0.0,
kgw.com,-0.2359,,,,0.0,
khaleejtimes.com,,,,,0.5,
khanacademy.org,,0.0,,,,
khits.com,,,,,0.0,
khn.org,,,,,-0.5,
khon2.com,,0.0,,,0.0,
khou.com,0.1182,,,,0.0,
khqa.com,,,,,0.5,
kiem-tv.com,,,,,0.0,
kiiitv.com,,,,,0.0,
kimatv.com,,,,,0.5,
kimt.com,,,,,0.0,
king5.com,,,,,0.0,
kion546.com,,,,,0.0,
kiowacountysignal.com,,,,,0.0,
kiplinger.com,,,,,0.0,
kiro7.com,,,,,0.0,
kirotv.com,-0.1907,,,,,
kitchener.citynews.ca,,,,,0.0,
kitv.com,,,,,0.0,
kivitv.com,,,,,0.0,
kktv.com,,,,,0.0,
klax-tv.com,,,,,0.0,
klewtv.com,,,,,0.5,
kltv.com,,,,,0.0,
kmbc.com,,,,,0.0,
kmov.com,-0.1538,,,,0.0,
kmph.com,,,,,0.5,
knewz.com,,,,,0.5,
knightfoundation.org,,,,,-0.5,
knoe.com,,,,,0.0,
knopnews2.com,,,,,0.0,
knowherenews.com,,,,,0.0,
knowyourmeme.com,,0.0,,,0.0,
knoxnews.com,,,,,0.0,
koaa.com,,,,,0.0,
koamnewsnow.com,,,,,0.0,
koat.com,,,,,0.0,
kob.com,,,,,0.0,
koco.com,0.1027,,,,-0.5,
koin.com,,,,,0.0,
kold.com,,,,,0.0,
kolotv.com,,,,,0.0,
komonews.com,-0.1643,,,,0.5,
kompas.com,,,,,0.0,
koreaherald.com,,,0.0,1.0,0.5,
koreatimes.co.kr,,,,,-0.5,
kotaku.com,,,,,-0.5,
kplctv.com,,,,,0.0,
kptv.com,-0.0685,,,,0.0,
kpvi.com,,,,,0.0,
kqed.org,,,0.0,-0.5,-0.5,
krcgtv.com,,,,,0.5,
krdo.com,,,,,0.0,
krem.com,,,,,0.0,
kristv.com,,,,,0.0,
kron4.com,,,,,0.0,
krone.at,,,,,1.0,
krqe.com,,,,,0.0,
krtv.com,,,,,0.0,
krugman.blogs.nytimes.com,,,-1.0,-0.5,,
ksat.com,,,,,0.0,
ksbw.com,,,,,0.0,
ksdk.com,-0.1001,,,,0.0,
ksl.com,,,1.0,0.5,0.0,
ksla.com,,,,,0.0,
ksn.com,,,,,0.0,
ksnblocal4.com,,,,,0.0,
kstp.com,,,,,0.0,
kswo.com,,,,,0.0,
ktiv.com,,,,,0.0,
ktla.com,-0.2287,-0.0833333333333,,,0.0,
ktre.com,,,,,0.0,
ktsm.com,,,,,0.0,
ktul.com,,,,,0.5,
ktvb.com,,,,,0.0,
ktvl.com,,,,,0.5,
ktvq.com,,,,,0.0,
ktvu.com,,,,,0.0,
ktvz.com,,,,,0.0,
kuow.org,,,,,-0.5,
kurdistan24.net,,,,,-0.5,
kutv.com,,,,,0.5,
kvia.com,,,,,0.0,
kvoa.com,,,,,0.0,
kvue.com,,,,,0.0,
kwch.com,,,,,0.0,
kwtx.com,,,,,0.0,
kwwl.com,,,,,0.0,
kxan.com,-0.039,,,,0.0,
kxii.com,,,,,0.0,
kxlf.com,,,,,0.0,
kxly.com,,,,,0.0,
kxxv.com,,,,,0.0,
ky3.com,,,,,0.0,
kyivindependent.com,,,,,-0.5,
kyivpost.com,,-0.416666666667,,,-0.5,
kyma.com,,,,,0.0,
kyoutv.com,,,,,0.0,
laconiadailysun.com,,,,,-0.5,
lacrossetribune.com,,,,,0.0,
ladepeche.fr,,,,,-0.5,
lahainanews.com,,,,,0.0,
lajuntatribunedemocrat.com,,,,,-0.5,
lakegenevanews.net,,,,,0.0,
lalibre.be,,,,,0.0,
lamag.com,,,,,-0.5,
lanacion.com.ar,,,,,0.5,
lancasteronline.com,,,,,0.0,
langleyadvancetimes.com,,,,,-0.5,
lansingstatejournal.com,,,,,0.0,
lapresse.ca,,,,,-0.5,
lastampa.it,,,,,-0.5,
lasvegassun.com,,,-0.5,0.0,-0.5,
latest.com,,,,,-1.0,
latimes.com,-0.3995,-0.5,-0.5,-0.5,-0.5,
latino.foxnews.com,0.2312,,1.0,0.5,,
latintimes.com,,,,,-0.5,
lavendermagazine.com,,,,,-1.0,
law.com,,,,,0.0,
law360.com,,,,,0.0,
lawandcrime.com,,,,,-0.5,
laweekly.com,,,,,-1.0,
lawenforcementtoday.com,,,,,1.0,
lawfareblog.com,,,,,0.0,-0.1870724618701998
lawliberty.org,,,,,1.0,
lbc.co.uk,,,,,0.5,
lcsun-news.com,,,,,0.0,
ldnews.com,,,,,0.0,
leaderpost.com,,,,,0.5,
leadertelegram.com,,,,,0.0,
leadstories.com,,,,,0.0,
learnliberty.org,,,,,0.5,
leavenworthtimes.com,,,,,0.0,
lebanon-express.com,,,,,0.0,
ledevoir.com,,,,,0.0,
lefigaro.fr,,,,,0.5,
leftaction.com,-0.8878,,,,,
leftfootforward.org,,,,,-1.0,
leftjustified.com,,,,,-0.5,
leftoverrights.com,,,,,-1.0,
leftscoop.com,,,,,-1.0,
leftvoice.org,,,,,-1.0,
legacy.com,,0.0,,,,
legalinsurrection.com,0.8557,,,,1.0,
lehighvalleylive.com,,,,,-0.5,
leicestermercury.co.uk,,,,,0.5,
lemonde.fr,,,,,-0.5,
lesoir.be,,,,,0.0,
lethbridgeherald.com,,,,,-0.5,
levernews.com,,,,,-1.0,
lexch.com,,,,,0.0,
lexingtoninstitute.org,,,,,0.5,
lfpress.com,,,,,0.5,
lgbtqnation.com,-0.8501,,,,-1.0,
libcom.org,,,,,-1.0,
liberalamerica.org,-0.9387,,,,-1.0,
liberationnews.org,,,,,-1.0,
libertarianism.org,,,,,0.5,
libertyheadlines.com,,,,,1.0,
libertynation.com,,,,,1.0,
libertynews.com,0.8947,,,,,
lifehacker.com,,,0.0,-0.5,-0.5,
lifenews.com,0.9664,,,,,
lifesitenews.com,0.9366,,,,,
lifezette.com,,0.0,,,1.0,2.0089720252350096
lincolncourier.com,,,,,-0.5,
lincolnproject.us,,,,,-0.5,
linkedin.com,,0.0,,,,
listverse.com,,,,,0.5,
littlegreenfootballs.com,,,,,-1.0,
live5news.com,,,,,0.0,
liveactionnews.org,0.9228,,0.5,0.5,,
liveleak.com,0.3231,,,,,
livemint.com,,,,,0.0,
liveuamap.com,,,,,0.0,
ljworld.com,,,,,0.0,
lmtonline.com,,,,,0.5,
loc.gov,,0.0,,,,
local10.com,-0.3545,,,,,
local12.com,,,,,0.5,
local21news.com,,,,,0.5,
localdvm.com,,,,,0.0,
localmemphis.com,,,,,0.0,
localnews8.com,,,,,0.0,
localsyr.com,,,,,0.0,
loganwoodbine.com,,,,,0.0,
logically.ai,,,,,0.0,
lohud.com,,,,,-0.5,
lompocrecord.com,,,,,0.0,
loneconservative.com,,,,,1.0,
lonelyplanet.com,,-0.0833333333333,,,,
longwarjournal.org,,,,,0.5,
lovebscott.com,-0.883,,,,,
lovelycitizen.com,,,,,0.0,
lowndessignal.com,,,,,0.5,
lozierinstitute.org,,,,,1.0,
lpheralddispatch.com,,,,,0.5,
lubbockonline.com,,,,,0.5,
luvernejournal.com,,,,,0.5,
m24.ru,,,,,0.5,
mackinac.org,,,,,0.5,
macleans.ca,,,,,-0.5,
macon.com,,,,,0.0,
madamenoire.com,-0.8568,,,,,
madison.com,,,,,0.0,
madworldnews.com,0.8609,,,,,
magicvalley.com,,,,,0.0,
mainebeacon.com,,,,,-1.0,
mainichi.jp,,,,,-0.5,
makeuseof.com,,,,,0.0,
malaymail.com,,,,,0.5,
malaysia-today.net,,,,,0.5,
malaysiakini.com,,,,,-0.5,
manhattan-institute.org,,,0.5,0.5,1.0,
manilatimes.net,,,,,0.5,
manta.com,,0.0,,,,
maplight.org,,,,,-0.5,
marginalrevolution.com,,,,,0.5,
marieclaire.com,,0.0,,,,
mariettatimes.com,,,,,0.0,
marinecorpstimes.com,0.5372,,,,,
marketwatch.com,,0.0,,,0.5,
marshallnewsmessenger.com,,,,,-0.5,
martinsvillebulletin.com,,,,,0.0,
marxist.com,,,,,-1.0,
mashable.com,-0.4106,-0.166666666667,,,-1.0,-0.4462382806441921
masslive.com,,,,,0.0,
mauinews.com,,,,,-0.5,
mavenroundtable.io,,,,,-1.0,
mayoclinic.org,,0.0,,,,
mb.com.ph,,,,,-0.5,
mcall.com,,,,,0.0,
mcclatchydc.com,,,,,-0.5,0.0001402397160322
mcdonoughvoice.com,,,,,-0.5,
mcdowellnews.com,,,,,0.0,
mcphersonsentinel.com,,,,,0.0,
meaww.com,,,,,0.5,
mediacircus.com,,,,,1.0,
mediaequalizer.com,,,,,1.0,
mediafiledc.com,,,,,-0.5,
mediaite.com,-0.1326,0.25,-0.5,0.0,-1.0,0.037564582350986
mediamatters.org,-0.8509,,-1.0,0.0,-1.0,-1.4709724864440714
mediapart.fr,,,,,-0.5,
mediapost.com,,,,,0.0,
mediarightnews.com,,,,,1.0,
medium.com,,,,,-0.5,
meduza.io,,,,,-1.0,
meidastouch.com,,,,,-1.0,
memecenter.com,,0.0,,,,
memeorandum.com,,,,,0.0,
memepoliceman.com,,,,,0.0,
mendocinobeacon.com,,,,,0.0,
menshealth.com,,,,,-0.5,
mentalfloss.com,,0.0,,,0.0,
mercatornet.com,,,,,1.0,
mercatus.org,,,,,0.5,
mercurynews.com,,0.0,-0.5,-0.5,-0.5,
merionwest.com,,,,,0.0,
merriam-webster.com,,0.0,,,,
merryjane.com,,,,,-1.0,
messagemedia.co,,,,,-0.5,
messengernews.net,,,,,0.0,
metabunk.org,,,,,0.5,
metro.co.uk,,-0.25,,,-0.5,
metro.us,,-0.0833333333333,,,-0.5,
metrotimes.com,,,,,-1.0,
metrowestdailynews.com,,,,,0.0,
mexiconewsdaily.com,,,,,-0.5,
mg.co.za,,,,,-1.0,
miami.cbslocal.com,,,,,-0.5,
miamiherald.com,-0.3418,-0.166666666667,-0.5,-0.5,-0.5,
miaminewtimes.com,,,,,-1.0,
miamivalleytoday.com,,,,,0.5,
mic.com,-0.7083,0.0,,,-0.5,-1.5591389443984096
michellemalkin.com,,,1.0,0.5,,
michigandaily.com,,,-0.5,-0.5,,
middleeasteye.net,,,,,-0.5,
middleeastmonitor.com,-0.6544,,,,-1.0,
migrationpolicy.org,,,,,-0.5,
milforddailynews.com,,,,,-0.5,
militarist-monitor.org,,,,,-0.5,
military.com,0.4081,,,,0.0,
militarytimes.com,0.4459,0.0833333333333,,,0.0,
milliyet.com.tr,,,,,1.0,
milwaukeeindependent.com,,,,,-1.0,
mininggazette.com,,,,,0.5,
miningjournal.net,,,,,0.0,
minnesota.cbslocal.com,,,,,-0.5,
minnpost.com,,,,,-0.5,
mintpressnews.com,,,,,-0.5,
mirror.co.uk,,-0.0833333333333,,,-0.5,
mises.org,,,,,1.0,
mississippitoday.org,,,,,-0.5,
missoulian.com,,,,,0.0,
mitchellrepublic.com,,,,,0.5,
mlbtraderumors.com,,0.0,,,,
mlive.com,-0.3186,,,,,
mmqb.si.com,,-0.0833333333333,,,,
mnn.com,,,,,-0.5,
modbee.com,,,,,0.0,
modernhealthcare.com,,,,,0.0,
modernliberals.com,,,,,-1.0,
mondoweiss.net,-0.7135,,,,,
money.cnn.com,-0.2565,0.0,,,,
moneytalksnews.com,,,,,-0.5,
mongabay.com,,,,,-0.5,
montereyherald.com,,,,,0.0,
montgomeryadvertiser.com,,,,,-0.5,
monthlyreview.org,,,,,-1.0,
montreal.citynews.ca,,,,,0.0,
montrealgazette.com,,,,,0.5,
moonofalabama.org,,,,,-1.0,
mooresvilletribune.com,,,,,0.0,
morganton.com,,,,,0.0,
morningbrew.com,,,,,-0.5,
morningconsult.com,,,,,0.0,0.3350922479463983
morningstaronline.co.uk,,,,,-1.0,
moroccoworldnews.com,,,,,0.5,
motherjones.com,-0.8663,-0.666666666667,-1.0,-0.5,-0.5,-1.712715822530487
mothership.sg,,,,,-0.5,
moultrieobserver.com,,,,,-0.5,
mprnews.org,,,,,-0.5,
mrc.org,,,,,1.0,
mrctv.org,0.8636,,,,,2.808294733695365
msmagazine.com,,,,,-1.0,-1.4230369498433562
msn.com,-0.084,0.0,,,-0.5,
msnbc.com,-0.8102,-0.5,-1.0,0.0,-1.0,-0.7590317821478891
mtdemocrat.com,,,,,0.5,
mtstandard.com,,,,,0.0,
mtv.com,,-0.333333333333,,,,
muncievoice.com,,,,,-1.0,
muscatinejournal.com,,,,,0.0,
muskokaregion.com,,,,,-0.5,
mycbs4.com,,,,,0.5,
mycentraljersey.com,,,,,-0.5,
mychamplainvalley.com,,,,,0.0,
mycouriertribune.com,,,,,0.5,
mydailyfreedom.com,,,,,1.0,
mydailyregister.com,,,,,0.5,
mydailysentinel.com,,,,,0.5,
mydailytribune.com,,,,,0.5,
myfox28columbus.com,,,,,0.5,
myfox8.com,-0.021,,,,0.0,
myfoxchicago.com,-0.342,,,,,
myfoxdetroit.com,-0.3483,,,,,
myfoxdfw.com,0.1633,,,,,
myfoxny.com,-0.0713,,,,,
myfoxtampabay.com,0.1475,,,,,
myfoxtwincities.com,-0.1171,,,,,
myfoxzone.com,,,,,0.0,
myheraldreview.com,,,,,0.5,
mynbc15.com,,,,,0.5,
mynbc5.com,,,,,0.0,
mynews4.com,,,,,0.5,
mynewsla.com,,,,,0.0,
mynorthwest.com,,,,,0.5,
myrecordjournal.com,,,,,0.0,
myrgv.com,,,,,-0.5,
mystatesman.com,,,-0.5,-0.5,,
mysuncoast.com,,,,,0.0,
mytwintiers.com,,,,,0.0,
mywebtimes.com,,,,,0.0,
naacp.org,,,,,-1.0,
nacion.com,,,,,0.5,
nakedcapitalism.com,,,,,-0.5,
napavalleyregister.com,,,,,0.0,
naplesnews.com,,,,,-0.5,
nation.africa,,,,,-0.5,
nation.com.pk,,,,,0.5,
nation.foxnews.com,0.9012,0.583333333333,,,,
nationalaffairs.com,,,,,0.5,1.0874170410453428
nationalcenter.org,,,,,1.0,
nationalgeographic.com,,-0.0833333333333,,,,
nationalinterest.org,,0.25,0.0,0.5,0.5,0.7189747868951184
nationaljournal.com,0.0191,,0.0,0.0,0.0,0.162175528289024
nationalmemo.com,,,,,-1.0,
nationalnewswatch.com,,,,,-0.5,
nationalobserver.com,,,,,-0.5,
nationalpost.com,,,,,0.5,
nationalreport.net,0.1168,,,,,
nationalreview.com,0.9009,0.416666666667,1.0,1.0,1.0,1.5927048062881657
nationmaster.com,,,,,0.0,
nationofchange.org,-0.8262,,,,-1.0,
natmonitor.com,,,,,-0.5,
naturalnews.com,0.4837,,,,,
nature.com,,0.0,,,,
nature.org,,,,,-0.5,
navytimes.com,0.3365,,,,0.0,
nbc.com,,0.0,,,,
nbc11news.com,,,,,0.0,
nbc12.com,,,,,0.0,
nbc16.com,,,,,0.5,
nbc24.com,,,,,0.5,
nbc25news.com,,,,,0.5,
nbc29.com,,,,,0.0,
nbc4i.com,,,,,0.0,
nbcbayarea.com,-0.5023,,,,,
nbcboston.com,,,,,-0.5,
nbcchicago.com,-0.3416,-0.25,,,-0.5,
nbcconnecticut.com,-0.1992,,,,,
nbcdfw.com,0.1204,,,,-0.5,
nbclosangeles.com,-0.2456,,,,-0.5,
nbcmiami.com,,,,,-0.5,
nbcmontana.com,,,,,0.5,
nbcnebraskascottsbluff.com,,,,,0.0,
nbcnews.com,-0.2735,-0.583333333333,-0.5,-0.5,-0.5,-0.4927134550899319
nbcnewyork.com,-0.3704,,,,-0.5,
nbcphiladelphia.com,-0.3285,,,,-0.5,
nbcsandiego.com,-0.1038,,,,,
nbcwashington.com,-0.4291,0.0,,,-0.5,
nber.org,,,,,0.0,
nccivitas.org,,,,,1.0,
nces.ed.gov,,0.0,,,,
ncnewsonline.com,,,,,-0.5,
ncpolicywatch.com,,,,,-1.0,
ncregister.com,,,,,1.0,
ncsl.org,,,,,0.0,
ncsu.edu,,0.0,,,,
ndtv.com,,0.0,,,-0.5,
nebraska.tv,,,,,0.5,
necn.com,,,,,0.0,
nesn.com,,0.0,,,,
newamerica.org,,,,,-0.5,
newarkpostonline.com,,,,,0.0,
newbernsj.com,,,,,0.0,
newbostonpost.com,,,,,1.0,
neweurope.eu,,,,,-0.5,
newint.org,,,,,-1.0,
newjersey.news12.com,-0.2447,,,,,
newleftreview.org,,,,,-0.5,
newmatilda.com,,,,,-0.5,
newmoderate.com,,,,,-0.5,
newnownext.com,-0.9097,,,,,
newpol.org,,,,,-1.0,
newrepublic.com,-0.6695,-0.333333333333,-1.0,0.0,-1.0,-1.0858675051927964
news-gazette.com,,,,,0.5,
news-herald.com,,,,,0.5,
news-journal.com,,,,,0.0,
news-leader.com,,,,,-0.5,
news.amomama.com,,,,,0.0,
news.com.au,,-0.416666666667,,,0.5,
news.investors.com,0.8955,,,,,
news.mit.edu,,,0.0,-0.5,,
news.msn.com,-0.0623,,,,,
news.sky.com,,0.0,,,,
news.vice.com,-0.4284,0.0,,,,
news.wgbh.org,,,0.0,-0.5,,
news.yahoo.com,0.0493,,,,-0.5,
news10.com,,,,,0.0,
news24.com,,,,,0.0,
news3lv.com,,,,,0.5,
news4jax.com,,,,,0.0,
news4sanantonio.com,,,,,0.5,
news5cleveland.com,,,,,0.0,
news8000.com,,,,,0.0,
news9.com,0.1417,,,,0.0,
newsadvance.com,,,,,0.0,
newsaegis.com,,,,,-0.5,
newsandguts.com,,,,,-0.5,
newsandnews.com,,,,,0.0,
newsandsentinel.com,,,,,0.5,
newsbusters.org,0.9168,0.0,1.0,1.0,1.0,2.2344161131945763
newscentermaine.com,,,,,-0.5,
newschannel10.com,,,,,0.0,
newschannel20.com,,,,,0.5,
newschannel5.com,,,,,0.0,
newschannel6now.com,,,,,0.0,
newschannel9.com,,,,,0.5,
newschief.com,,,,,0.0,
newscorpse.com,,,,,-1.0,
newsday.com,,,,,-0.5,
newsela.com,,,,,0.0,
newser.com,,,,,-0.5,
newseum.org,,0.0,,,,
newsexaminer.com,,,,,0.5,
newsfactsnetwork.com,,,,,0.0,
newsguardtech.com,,,,,0.0,
newsherald.com,,,,,-0.5,
newshounds.us,,,,,-1.0,
newslit.org,,,,,0.0,
newslookup.com,,,,,0.0,
newsmax.com,0.7697,0.416666666667,1.0,0.5,,1.3949985633764888
newsnationnow.com,,,,,0.0,
newsninja2012.com,0.8971,,,,,
newsnow.co.uk,,,,,0.0,
newsobserver.com,,,,,-0.5,
newson6.com,,,,,0.0,
newsone.com,-0.7794,,,,-1.0,-1.1804561175384891
newsoptimist.ca,,,,,0.0,
newspageindex.com,,,,,1.0,
newspress.com,,,,,1.0,
newspressnow.com,,,,,0.0,
newstatesman.com,,,,,-1.0,
newstimes.com,,,,,-0.5,
newsvirginian.com,,,,,0.0,
newsweek.com,-0.2726,-0.166666666667,,,-0.5,-0.3017765626331848
newsy.com,,,,,-0.5,
newyork.cbslocal.com,-0.2017,0.0,,,-0.5,
newyorker.com,-0.7584,-0.5,,,,-0.851943939306366
newzjunky.com,,,,,0.0,
nextgov.com,,,,,0.0,
nfl.com,,0.0,,,,
nfrw.org,,,,,1.0,
ngo-monitor.org,,,,,1.0,
nhregister.com,,,,,-0.5,
niagara-gazette.com,,,,,-0.5,
niagarathisweek.com,,,,,-0.5,
niemanlab.org,,-0.0833333333333,,,-0.5,-1.175880344214263
nikkei.com,,,,,0.5,
nine.com.au,,,,,0.5,
niskanencenter.org,,,,,-0.5,
nj.com,-0.2969,0.0,,,-0.5,
nj1015.com,,,,,0.5,
nknews.org,,,,,0.0,
nmpolitics.net,,,0.0,-0.5,,
nola.com,-0.2175,,,,-0.5,
nolabels.org,,,0.0,-0.5,0.0,
nonpareilonline.com,,,,,0.0,
noozhawk.com,,,,,0.0,
norfolkdailynews.com,,,,,0.0,
north99.org,,,,,-1.0,
northbaynipissing.com,,,,,-0.5,
northjersey.com,,,,,-0.5,
northkoreatimes.com,,,,,0.0,
northtamatelegraph.com,,,,,0.0,
norwichbulletin.com,,,,,-0.5,
nos.nl,,,,,0.5,
notthebee.com,,,,,1.0,
novaramedia.com,,,,,-1.0,
novinite.com,,,,,0.0,
novinky.cz,,,,,-0.5,
nowentertainment.net,,,,,0.5,
nownews.com,,,,,-0.5,
nowtheendbegins.com,0.8533,,,,,
nowthisnews.com,,,,,,-1.391360353332494
nowtoronto.com,,,,,-1.0,
npr.org,-0.6103,-0.166666666667,0.0,-0.5,-0.5,-0.6793768086995435
nptelegraph.com,,,,,0.0,
nraila.org,0.8529,,,,1.0,
nrcc.org,0.9257,,,,,
nrdc.org,,,,,-1.0,
nst.com.my,,,,,0.0,
ntknetwork.com,,,,,1.0,
nujournal.com,,,,,0.0,
numbersusa.com,0.8549,,,,1.0,
nwahomepage.com,,,,,0.0,
nwaonline.com,,,,,0.5,
nwfdailynews.com,,,,,0.0,
nwitimes.com,,,,,0.0,
ny1.com,,,,,0.0,
nybooks.com,,0.0,,,,
nydailynews.com,-0.2139,-0.5,,,-0.5,
nymag.com,,-0.5,-1.0,-0.5,-1.0,-1.1256460688108565
nypost.com,0.2497,-0.333333333333,1.0,0.5,0.5,0.6424505600915198
nysun.com,,,,,1.0,
nytimes.com,-0.5469,0.0,-0.5,-0.5,-0.5,-0.6992348131127362
nzherald.co.nz,,,,,0.0,
oann.com,,,,,,2.690056160686581
oanow.com,,0.0,,,0.0,
oaoa.com,,,,,0.5,
observer.com,,,0.0,1.0,0.5,-0.6893803575407982
ocala.com,,,,,-0.5,
occupy.com,,,,,-1.0,
occupydemocrats.com,-0.899,,,,,
ocregister.com,,,0.5,0.5,0.5,
ocweekly.com,,,,,-0.5,
odmp.org,0.5967,,,,,
offgridsurvival.com,,,,,1.0,
ohiocapitaljournal.com,,,,,-1.0,
oilandwaterdontmix.org,,,,,-0.5,
oilprice.com,,,,,0.5,
okcfox.com,0.1296,,,,0.5,
oklahoman.com,,,,,0.5,
omaha.com,,,,,0.5,
oneangrygamer.net,,,,,1.0,
onegreenplanet.org,,,,,-1.0,
oneindia.com,,,,,-0.5,
online.wsj.com,0.2764,,0.0,0.5,,
onlineathens.com,,,,,-0.5,
ontarioproud.ca,,,,,1.0,
ontheissues.org,,0.0,,,,
opednews.com,,,,,-1.0,
opendemocracy.net,,,,,-0.5,
opendoorsusa.org,,,,,0.5,
openmindmag.org,,,,,0.0,
opensecrets.org,,,0.0,0.0,0.0,
opensocietyfoundations.org,,,,,-1.0,
openthegovernment.org,,,,,-0.5,
openvaers.com,,,,,1.0,
opposingviews.com,0.2685,,,,0.5,
opslens.com,,,,,1.0,
ora.tv,-0.2014,,,,,
orangeville.com,,,,,-0.5,
order-order.com,,,,,1.0,
oregonlive.com,-0.3203,,,,0.0,
orlandosentinel.com,,,,,-0.5,
oskaloosa.com,,,,,-0.5,
ottawa.citynews.ca,,,,,0.0,
ottawacitizen.com,,,,,0.5,
ottawasun.com,,,,,0.5,
ottumwacourier.com,,,,,-0.5,
ourfutureinamerica.org,,,,,1.0,
ourquadcities.com,,,,,0.0,
ourworldindata.org,,,,,-0.5,
out.com,,,,,-1.0,
outkick.com,,,,,1.0,
outlook.monmouth.edu,,,,,0.0,
outsidethebeltway.com,,,,,-0.5,
ow.ly,,0.0,,,,
oyez.org,,,,,0.0,
ozarksfirst.com,,,,,0.0,
ozy.com,,,,,-0.5,-0.1707850824077165
pacificresearch.org,,,,,0.5,
packers.com,,0.0,,,,
pahomepage.com,,,,,0.0,
pal-item.com,,,,,-0.5,
palestinechronicle.com,,,,,-1.0,
palmbeachdailynews.com,,,,,-0.5,
palmbeachpost.com,,,,,-0.5,
palmerreport.com,,,,,-1.0,
pamelageller.com,0.8632,,,,,
pamplinmedia.com,,,,,-0.5,
panampost.com,,,,,1.0,
panolawatchman.com,,,,,-0.5,
pantagraph.com,,,,,0.5,
pantsonfirenews.com,,,,,1.0,
paragoulddailypress.com,,,,,0.5,
parkrapidsenterprise.com,,,,,0.5,
parkrecord.com,,,,,0.0,
parrysound.com,,,,,-0.5,
pastemagazine.com,,,,,-1.0,
patch.com,-0.0102,,,,0.0,
patheos.com,-0.2624,,,,0.0,
patrioticmillionaires.org,,,,,-0.5,
patriotnewsalerts.com,,,,,1.0,
patriotnewsdaily.com,,,,,1.0,
patriotpost.us,,,,,1.0,
patriotretort.com,,,,,1.0,
patriotupdate.com,0.8892,,,,,
pbs.org,-0.5393,0.0,,,-0.5,-0.4830640491533595
pe.com,,,,,0.5,
peacock-panache.com,,,,,-1.0,
pekintimes.com,,,,,-0.5,
peninsuladailynews.com,,,,,0.5,
penncapital-star.com,,,,,-1.0,
pennlive.com,,,,,-0.5,
people.com,-0.2034,-0.0833333333333,,,-1.0,
perezhilton.com,,-0.0833333333333,,,,
personalliberty.com,0.8637,,,,,
petitions.whitehouse.gov,-0.2005,,,,,
pewresearch.org,,-0.416666666667,,,0.0,-0.4531800783798769
pfaw.org,,,-1.0,0.0,-1.0,
pgpf.org,,,,,0.0,
philadelphia.cbslocal.com,,,,,0.0,
philly.com,-0.3668,,,,,
phillytrib.com,,,,,-0.5,
phillyvoice.com,,,,,-0.5,
phl17.com,,,,,0.0,
phnompenhpost.com,,,,,-1.0,
phoenixnewtimes.com,,,,,-0.5,
piie.com,,,,,0.0,
pilotonline.com,,,,,-0.5,
pinacnews.com,,,,,-1.0,
pinknews.co.uk,,,,,-1.0,
pinterest.com,,0.0,,,,
pitchfork.com,,0.0,,,,
pittsburgh.cbslocal.com,-0.1747,,,,,
pix11.com,-0.5719,-0.333333333333,,,0.0,
pjmedia.com,0.9125,0.0,,,,1.2616231904165216
pjstar.com,,,,,0.0,
placesjournal.org,,,,,0.0,
play.google.com,,0.0,,,,
pluralist.com,,,,,1.0,
plus.google.com,,0.0,,,,
pnhp.org,,,-1.0,0.0,,
pnj.com,,,,,0.0,
poconorecord.com,,,,,0.0,
pogo.org,,,,,-0.5,
policeone.com,0.5063,,,,,
policetribune.com,,,,,1.0,
policyed.org,,,,,0.5,
polinews.org,,,,,-1.0,
politicalcritique.org,,,,,-0.5,
politicaldig.com,,,,,-1.0,
politicalears.com,0.8225,,,,,
politicalite.com,,,,,1.0,
politicalwire.com,,,,,0.0,
politichicks.com,,,,,1.0,
politico.com,-0.1334,-0.0833333333333,-0.5,0.0,-0.5,-0.2196495898149447
politicsthatwork.com,,,,,-0.5,
politicususa.com,-0.9037,-0.666666666667,-1.0,-0.5,-1.0,-1.1584518450737016
politifact.com,-0.4802,-0.166666666667,-0.5,0.0,-0.5,-0.1908396517129573
politisite.com,,,,,0.5,
politizoom.com,,,,,-1.0,
poll.qu.edu,,,,,,-0.6110920755336124
polygon.com,,,,,-0.5,
polygraph.info,,,,,0.0,
pontiacdailyleader.com,,,,,-0.5,
popsugar.com,,0.0,,,,
popular.info,,,,,-1.0,
populardemocracy.org,,,,,-0.5,
popularmilitary.com,0.4461,,,,,
popularresistance.org,,,,,-1.0,
populationconnection.org,,,,,-0.5,
populistwire.com,,,,,1.0,
portsmouth-dailytimes.com,,,,,0.5,
positive.news,,,,,-0.5,
post-gazette.com,,,0.5,0.0,0.5,
post-journal.com,,,,,0.5,
postandcourier.com,,0.0,,,0.0,
postbulletin.com,,,,,0.5,
postindependent.com,,,,,0.0,
postregister.com,,,,,0.0,
poststar.com,,,,,0.0,
powerlineblog.com,,,,,1.0,
poynter.org,,,,,0.0,-0.2169706613154405
prageru.com,,,1.0,1.0,,
pratttribune.com,,,,,0.0,
pravda.com.ua,,,,,-0.5,
presidency.ucsb.edu,,0.0,,,,
press-citizen.com,,,,,-0.5,
pressdemocrat.com,,,,,-0.5,
pressherald.com,,,0.0,-0.5,-0.5,
pressofatlanticcity.com,,,,,0.0,
pressprogress.ca,,,,,-1.0,
presstelegram.com,,,,,0.0,
prezi.com,,0.0,,,,
pri.org,,,0.0,-0.5,-0.5,
private-eye.co.uk,,,,,-0.5,
prnewswire.com,,,,,0.0,
pro-football-reference.com,,0.0,,,,
procon.org,,,,,0.0,
profootballtalk.nbcsports.com,,0.0,,,,
progressive.org,,,,,-1.0,-1.96651862182952
progressivefrontier.com,,,,,-1.0,
project-syndicate.org,,,,,-0.5,
projectcensored.org,,,,,-1.0,
projects.fivethirtyeight.com,,0.0,,,,
propublica.org,,,0.0,-0.5,-0.5,-0.8271973738483827
prospect.org,,,,,-1.0,-1.2870483481370003
prospectmagazine.co.uk,,,,,-0.5,
protocol.com,,,,,-0.5,
providencejournal.com,,,,,-0.5,
prri.org,,,,,0.0,
prwatch.org,,,-0.5,-0.5,-1.0,
psmag.com,,,-0.5,-0.5,-0.5,-1.4153083422998392
psyche.co,,,,,-1.0,
psychologicalscience.org,,,0.0,-0.5,,
publicintegrity.org,,,-0.5,0.0,-0.5,-0.8594466151847941
publicinterestlegal.org,,,,,1.0,
publicnewsservice.org,,,,,-0.5,
publico.es,,,,,-0.5,
publicpolicypolling.com,,0.0,,,0.0,-0.2116238780958426
puck.news,,,,,-0.5,
punchbowl.news,,,,,0.0,
punchingbagpost.com,,,,,1.0,
punchng.com,,,,,-0.5,
q13fox.com,-0.0132,,,,,
qconline.com,,,,,0.0,
qctimes.com,,,,,0.0,
qpolitical.com,0.861,,,,,
quadrant.org.au,,,,,1.0,
queerty.com,,,,,-1.0,
quizlet.com,,0.0,,,,
quiznatic.com,0.2979,,,,,
quora.com,,0.0,,,,
qz.com,-0.4713,0.0,0.0,-0.5,-0.5,-0.7286323800255323
rabble.ca,,,,,-1.0,
radaronline.com,,-0.166666666667,,,,
radio-canada.ca,,,,,-0.5,
radio.foxnews.com,0.6973,,,,,
radiotelevisionmarti.com,,,,,-0.5,
raleighcw.com,,,,,0.0,
rand.org,,,-0.5,0.5,0.0,
rantt.com,,,,,-1.0,
rapidcityjournal.com,,,,,0.0,
rappler.com,,,,,-0.5,
rare.us,0.6386,,,,0.0,1.237509410478709
rasmussenreports.com,,0.166666666667,,,0.5,0.7594513244884193
rationalwiki.org,,,,,-0.5,
ravallirepublic.com,,,,,0.0,
rawstory.com,-0.8534,-0.5,-1.0,-0.5,-1.0,-0.9428513936539048
rd.com,,,,,1.0,
readersupportednews.org,-0.9984,,,,,
readfrontier.org,,,,,-0.5,
readingthepictures.org,,,,,-1.0,
readsludge.com,,,,,-1.0,
reagancoalition.com,0.8878,,,,,
realcleardefense.com,,,,,0.5,
realclearinvestigations.com,,,,,0.5,
realclearmarkets.com,,,,,0.5,
realclearpolicy.com,,,,,0.5,
realclearpolitics.com,0.6616,0.0,0.0,0.5,0.5,0.8712324232913768
realclearreligion.org,,,,,0.5,
reason.com,0.3502,0.25,,,0.5,0.9437550185111654
recode.net,,,,,0.0,
record-bee.com,,,,,0.0,
record-eagle.com,,,,,0.0,
recordherald.com,,,,,0.5,
recordnet.com,,,,,0.0,
redalertpolitics.com,,,,,1.0,
redandblack.com,,,0.0,-0.5,,
redding.com,,,,,0.0,
reddit.com,,-0.166666666667,,,,
redflagnews.com,0.9163,,,,1.0,
redpepper.org.uk,,,,,-1.0,
redstate.com,0.9624,0.75,,,1.0,1.8671913771158983
refinery29.com,,0.0,,,-1.0,
regated.com,,,,,1.0,
registerguard.com,,,,,-0.5,
registerherald.com,,,,,0.5,
relevantmagazine.com,,,,,-0.5,
religionnews.com,,,,,-0.5,
remingtonresearchgroup.com,,,,,0.5,
rep-am.com,,,,,0.5,
reporter-times.com,,,,,-0.5,
reporterherald.com,,,,,0.0,
reporterslab.org,,,,,0.0,
represent.us,,,,,-0.5,
repubblica.it,,,,,-0.5,
republic-online.com,,,,,0.0,
republicanherald.com,,0.833333333333,,,,
republicreport.org,,,,,-1.0,
republicworld.com,,,,,0.5,
rescue.org,,,,,0.0,
resilience.org,,,,,-1.0,
resourcegovernance.org,,,,,-0.5,
reuters.com,-0.0945,-0.25,0.0,0.0,0.0,0.0851345323537829
reuters.tv,,,,,,0.1980022722283468
revcom.us,,,,,-1.0,
revealnews.org,,,,,-0.5,-1.4803046923878165
reverbpress.com,-0.8922,,,,,
reviewjournal.com,,,,,0.5,
rewirenewsgroup.com,,,,,-1.0,
rexburgstandardjournal.com,,,,,0.0,
rfa.org,,,,,-0.5,
rferl.org,,,,,0.0,
rfi.fr,,,,,0.0,
rgj.com,,,,,-0.5,
richmond.com,,0.0,0.5,0.5,0.5,
ricochet.com,,,,,1.0,
ridgecrestca.com,,,,,-0.5,
rightandfree.com,,,,,1.0,
rightsidenews.com,,,1.0,0.5,,
rightwingnews.com,0.88795,,,,,
rightwingwatch.org,-0.9407,,,,-1.0,-1.2335655554830205
ringoffireradio.com,-0.9472,,,,,
riverbender.com,,,,,0.0,
riverdalepress.com,,,,,0.0,
rocanews.com,,,,,0.0,
rochesterfirst.com,,,,,0.0,
rocketcitynow.com,,,,,0.0,
rocketnews.com,,,,,-0.5,
rollcall.com,,-0.166666666667,,,0.0,0.0391061015505048
rollingstone.com,-0.6487,-0.333333333333,-1.0,0.0,-1.0,
ronpaulinstitute.org,,,,,1.0,
ronpaullibertyreport.com,,,,,1.0,
rooseveltinstitute.org,,,,,-0.5,
rotoworld.com,,0.0,,,,
rrstar.com,,,,,-0.5,
rsf.org,,,,,0.0,
rsn.org,,,,,-1.0,
rstreet.org,,,,,0.5,
rt.com,-0.1488,0.25,,,,
rte.ie,,,,,0.0,
rubio.senate.gov,,0.666666666667,,,,
rushlimbaugh.com,1.0077,,,,,
russia-insider.com,,0.0,,,,
sabah.com.tr,,,,,1.0,
sacbee.com,,,-0.5,-0.5,-0.5,
sacramento.cbslocal.com,-0.1622,,,,-0.5,
salina.com,,,,,-0.5,
salon.com,-0.8753,-0.5,-1.0,-0.5,-1.0,-1.2006829713622325
saltwire.com,,,,,0.5,
samuel-warde.com,-0.9095,,,,,
sanders.senate.gov,-0.8528,,,,,
sandiegoreader.com,,,,,-0.5,
sandiegouniontribune.com,,,,,0.0,
sanfrancisco.cbslocal.com,,,,,-0.5,
sanluisobispo.com,,,,,-0.5,
sanmarcosrecord.com,,,,,0.0,
santafenewmexican.com,,,,,-0.5,
santamariatimes.com,,,,,0.0,
sapiens.org,,,,,-0.5,
saudigazette.com.sa,,,,,-0.5,
savannahnow.com,,,,,0.5,
savejersey.com,,,,,1.0,
sayfiereview.com,,,,,0.0,
sbgi.net,,,,,1.0,
sbnation.com,,0.0,,,,
sbs.com.au,,,,,-0.5,
sbsun.com,,,,,0.5,
scarymommy.com,,,,,-1.0,
scholastic.com,,0.0,,,,
sciencedaily.com,,,0.0,-0.5,,
sciencedebate.org,,,,,0.0,
sciencing.com,,,,,-0.5,
scientificamerican.com,,0.0,0.0,-0.5,,
scmp.com,,,,,-0.5,
scnow.com,,,,,0.0,
scoopnest.com,,,,,0.0,
scoopwhoop.com,,,,,-0.5,
scoperatings.com,,,,,0.5,
scotsman.com,,,,,0.0,
scotusblog.com,,,,,0.0,
screen.yahoo.com,,,-0.5,-0.5,,
scroll.in,,,,,-0.5,
sctimes.com,,,,,0.0,
seattle.cbslocal.com,,,,,-0.5,
seattlepi.com,,,,,-0.5,
seattletimes.com,,,,,-0.5,
secondnexus.com,,,,,-1.0,
secure.nrdconline.org,-0.6553,,,,,
secure3.convio.net,-0.6422,,,,,
self.com,,,,,-0.5,
selmatimesjournal.com,,,,,0.5,
sentencingproject.org,,,,,-0.5,
sentinelksmo.org,,,,,1.0,
seventeen.com,,,,,-1.0,
sfbayview.com,,,,,-1.0,
sfchronicle.com,,,,,-0.5,
sfexaminer.com,,,,,-0.5,
sfgate.com,-0.581,,-0.5,-0.5,-0.5,
sfweekly.com,,,0.0,-0.5,,
sgvtribune.com,,,,,0.0,
shadowproof.com,,,,,-1.0,
share.credoaction.com,-0.8941,,,,,
shareably.net,,,,,0.0,
shareblue.com,,,,,-1.0,-1.64740068525261
shelbycountyreporter.com,,,,,0.5,
shoebat.com,0.8703,,,,,
shondaland.com,,,,,-1.0,
shorenewsnetwork.com,,,,,1.0,
shorensteincenter.org,,,,,0.0,
shreveporttimes.com,,,,,0.0,
shutterstock.com,,0.0,,,,
si.com,,0.0,,,,
sierrasun.com,,,,,0.0,
silive.com,-0.0627,-0.166666666667,,,0.0,
simcoe.com,,,,,-0.5,
simplepolitics.co.uk,,,,,0.0,
siouxcityjournal.com,,,,,0.0,
siouxlandnews.com,,,,,0.5,
sites.google.com,,0.0833333333333,,,,
sj-r.com,,,,,-0.5,
sky.com,,,,,0.0,
skyhinews.com,,,,,0.0,
skynews.com.au,,,,,1.0,
slate.com,-0.6813,0.0833333333333,,,-1.0,-1.1785054886355366
sltrib.com,,-0.166666666667,,,-0.5,
smartnews.com,,,,,0.0,
smh.com.au,,0.0,,,-0.5,
smirkingchimp.com,,,,,-1.0,
smithsonianmag.com,,0.0,,,,
snopes.com,,-0.166666666667,,,-0.5,-0.2332270502985017
sociable.co,,,,,0.0,
socialistworker.org,,,,,-1.0,
socialmediatoday.com,,,,,0.0,
sofrep.com,,,,,0.5,
sojo.net,,,,,-0.5,
sonorannews.com,,,,,1.0,
sonsof1776.com,,,,,1.0,
sonsoflibertymedia.com,0.9286,,,,,
sootoday.com,,,,,-0.5,
soundcloud.com,,0.0,,,,
sourcepolitics.com,,,,,-1.0,
sourcewatch.org,,,,,-1.0,
southbendtribune.com,,,,,0.0,
spectator.co.uk,,-0.166666666667,,,0.5,
spectator.org,,,1.0,1.0,1.0,1.6515638643764712
spectator.us,,,,,0.5,
spectatorworld.com,,,,,0.5,
spectrumlocalnews.com,,,,,0.0,
spectrumnews1.com,,,,,0.0,
spectrumreport.com,,,,,0.0,
spiegel.de,,,,,-0.5,
spiked-online.com,,,,,1.0,
spin.com,,,,,-0.5,
splcenter.org,,,,,-1.0,-1.0837392909772965
splinternews.com,,,,,-1.0,-1.447137050893621
splitsider.com,,0.0,,,,
spokesman.com,,,-0.5,0.0,0.5,
sports.yahoo.com,,0.0,,,,
sportsday.dallasnews.com,,0.0,,,,
spotlightpa.org,,,,,0.0,
springfieldnewssun.com,,,,,0.0,
sputniknews.com,,0.25,,,,
srnnews.com,,,,,0.5,
stamfordadvocate.com,,,,,-0.5,
standaard.be,,,,,0.0,
standard.co.uk,,,,,0.5,
standard.net,,,,,0.0,
standardmedia.co.ke,,,,,0.5,
standpointmag.co.uk,,,,,1.0,
star-telegram.com,,,,,0.5,
staradvertiser.com,,,,,-0.5,
stardem.com,,,,,0.0,
starexponent.com,,,,,0.0,
starherald.com,,,,,0.0,
starheraldnews.com,,,,,0.0,
starpolitical.com,,,,,1.0,
startribune.com,,,,,-0.5,
state-journal.com,,,-0.5,-0.5,,
statepress.com,,,,,-0.5,
statesman.com,,,,,-0.5,
statesmanjournal.com,,,,,0.0,
statesville.com,,,,,0.0,
statista.com,,,,,0.0,
statnews.com,,,,,-0.5,
staugustine.com,,,,,-0.5,
steadfastdaily.com,,,,,1.0,
steamboatpilot.com,,,,,0.0,
stepfeed.com,,,,,-0.5,
stimson.org,,,,,0.0,
stltoday.com,-0.309,,,,-0.5,
stopfake.org,,,,,-0.5,
stpete4peace.org,,,,,-1.0,
straitstimes.com,,,,,0.5,
strategypage.com,,,,,0.0,
stratfor.com,,,,,0.0,
stream.org,,,,,,1.7198411206675943
stripes.com,0.3658,,,,0.0,0.26284504886628
studentnewsdaily.com,,,,,0.5,
stuff.co.nz,,,,,-0.5,
summitdaily.com,,,,,0.0,
sun-courier.com,,,,,0.0,
sun-sentinel.com,,0.0,,,0.0,
sungazette.com,,,,,0.5,
sunherald.com,,,,,0.0,
sunlightfoundation.com,,,,,-0.5,
suntimes.com,,,,,-0.5,
swissinfo.ch,,,,,-0.5,
swtimes.com,,,,,0.0,
swvatoday.com,,,,,0.0,
syracuse.com,,,,,0.0,
syriahr.com,,,,,-0.5,
tabletmag.com,,0.0,,,0.5,
tahoedailytribune.com,,,,,0.0,
taipeitimes.com,,,,,0.0,
taiwannews.com.tw,,,,,-0.5,
takepart.com,-0.7045,,,,,
talkingpointsmemo.com,-0.8614,-0.416666666667,,,-1.0,-0.7801785135808954
tallahassee.com,,,-1.0,0.0,0.5,
tamatoledonews.com,,,,,0.0,
tampa.cbslocal.com,,,,,-0.5,
tampabay.com,-0.4745,,,,-0.5,
tarbell.org,,,,,-0.5,
taskandpurpose.com,,0.0,,,-0.5,-0.1544014834937026
tatumreport.com,,,,,1.0,
taxfoundation.org,,,,,0.5,
taxjustice.net,,,,,-0.5,
taxpayer.com,,,,,0.5,
taxpolicycenter.org,,,,,-0.5,
tcf.org,,,,,-0.5,
tcpalm.com,,,,,-0.5,
tdn.com,,,,,0.0,
teamdml.com,,,,,1.0,
teaparty.org,0.9423,,,,,
techcrunch.com,,,0.0,-0.5,-0.5,
techdirt.com,,,,,-0.5,
techspot.com,,,,,0.0,
ted.com,-0.4859,,,,,
teenvogue.com,,0.0,-0.5,-0.5,-1.0,
telegraaf.nl,,,,,1.0,
telegram.com,,,,,0.0,
telegraph.co.uk,0.0269,-0.166666666667,0.5,0.5,1.0,
telemundo.com,,0.0,,,,
telemundo.com/noticias,,,,,,-1.36765775123642
tellmenow.com,0.7818,,,,,
tennessean.com,,0.0,,,0.0,
tennesseestar.com,,,,,1.0,
tenthamendmentcenter.com,,,,,1.0,
tetonvalleynews.net,,,,,0.0,
texasmonthly.com,,,,,-0.5,
texasobserver.org,,,,,-1.0,
texasstandard.org,,,,,0.0,
texastribune.org,,,,,-0.5,
tharawat-magazine.com,,,,,0.5,
thatsnonsense.com,,,,,0.0,
the-american-interest.com,,,,,0.5,
the-daily.buzz,,,,,-1.0,
the-japan-news.com,,,,,0.5,
the-sun.com,,,,,1.0,
theadvertiser.com,,,,,-0.5,
theadvocates.org,,,,,0.5,
theage.com.au,,,,,-0.5,
thealpenanews.com,,,,,0.0,
theamericanconservative.com,,,,,0.5,1.061378578122384
theantimedia.org,-0.3584,,,,,
theatlantic.com,-0.5424,-0.416666666667,-0.5,0.0,-0.5,-0.5918740857136011
theaustralian.com.au,,,,,0.5,
thebaffler.com,,,,,-1.0,
thebalance.com,,,,,0.0,
thebipartisanpress.com,,,,,-0.5,
theblaze.com,0.8887,0.5,1.0,0.5,,1.712023375998374
theblueroute.org,,,,,-1.0,
theboot.com,,0.0,,,,
thebreakthrough.org,,,,,0.5,
thebrunswicknews.com,,,,,0.5,
thebulletin.org,,,,,-0.5,
thebulltulsa.com,,,,,0.0,
thebulwark.com,,,,,0.5,-0.3779245239507765
thebureauinvestigates.com,,,,,-0.5,
theburningspear.com,,,,,-1.0,
thecalifornian.com,,,,,0.0,
thecanadianpress.com,,,,,0.0,
thecanary.co,,,,,-1.0,
thecentersquare.com,,,,,0.5,
thechristianleft.org,,,,,-0.5,
thecipherbrief.com,,,,,0.0,
thecitizen.org.au,,,,,-0.5,
thecity.nyc,,,,,-0.5,
thecjn.ca,,,,,0.5,
thecolbertreport.cc.com,-0.6937,,,,,
thecollegefix.com,,,,,1.0,
theconservativenut.gop,,,,,1.0,
theconservativetreehouse.com,,0.25,,,,
theconversation.com,,,,,0.0,-0.7318646818135589
thecouriertimes.com,,,,,0.5,
thecut.com,,,,,-1.0,
thedailybanter.com,,,,,-1.0,-0.5823795905549312
thedailybeast.com,-0.4561,-0.0833333333333,-1.0,-0.5,-1.0,-0.6427295485029203
thedailycitizen.com,,,,,0.5,
thedailyliberator.com,,,,,1.0,
thedailyshow.cc.com,-0.6704,,,,,
thedailyshow.com,,,-0.5,-0.5,,
thedailystar.com,,,,,-0.5,
thedailyvox.co.za,,,,,-1.0,
theday.com,,,,,-0.5,
thedenverchannel.com,-0.012,,,,0.0,
thedickinsonpress.com,,,,,0.5,
thediplomat.com,,,,,0.0,
thedispatch.com,,,,,0.5,0.8506631080053704
thedodo.com,,,,,-1.0,
theeagle.com,,,,,0.0,
theepochtimes.com,,,,,,1.8152227866530568
theeverlastinggopstoppers.com,-0.8928,,,,,
thefederalist.com,0.8559,1.0,0.5,1.0,,2.131391980975282
thefederalistpapers.org,0.8659,,,,,
thefencepost.com,,,,,0.0,
thefifthcolumnnews.com,,,,,-1.0,
thefirsttv.com,,,,,1.0,
thefiscaltimes.com,,,0.5,0.5,0.5,
theflipside.io,,,,,0.0,
thefloridasqueeze.com,,,,,-1.0,
theflstandard.com,,,,,1.0,
thefranklinnewspost.com,,,,,0.0,
thefreedictionary.com,,0.0,,,,
thefreethoughtproject.com,-0.3618,,,,,
thefulcrum.us,,,,,-0.5,
thegailygrind.com,,,,,-1.0,
thegardenisland.com,,,,,-0.5,
thegatewaypundit.com,0.9389,,1.0,1.0,,
thegazette.com,,,,,0.5,
thegleaner.com,,,,,-0.5,
theglobeandmail.com,,,,,0.5,
thegrapevine.theroot.com,,-0.416666666667,,,,
thegreggjarrett.com,,,,,1.0,
thegrio.com,-0.8326,,,,-1.0,
theguardian.com,-0.5723,-0.416666666667,-0.5,-0.5,-0.5,-0.6984583040345802
theguardiansofdemocracy.com,,,,,-1.0,
thehawkeye.com,,,,,-0.5,
thehayride.com,,,,,1.0,
thehill.com,0.1661,-0.166666666667,,,0.0,0.0958054321369742
thehilltalk.com,,,,,-0.5,
thehindu.com,,,,,-0.5,
thehindubusinessline.com,,,,,0.5,
thehonestpatriot.net,,,,,1.0,
thehumanist.com,,,,,-0.5,
theihs.org,,,,,0.5,
theimproper.com,,,,,-1.0,
theindependent.com,,,,,0.0,
theintercept.com,,0.25,,,-0.5,-0.828523036505094
theitem.com,,,,,0.5,
thejakartapost.com,,,,,-0.5,
thejournal.ie,,,,,-0.5,
thelasource.com,,,,,-1.0,
theledger.com,,,,,0.5,
theleoterrell.com,,,,,1.0,
thelibertarianrepublic.com,,,0.5,1.0,0.5,
thelily.com,,,,,-1.0,
thelist.com,,,,,-0.5,
thelocal.no,,,,,-0.5,
thelondoneconomic.com,,,,,-1.0,
them.us,,,,,-1.0,
themarshallproject.org,,,,,0.0,-1.0349211186419225
themarysue.com,,,,,-1.0,
themesatribune.com,,,,,0.0,
themilitant.com,,,,,-1.0,
themindunleashed.org,-0.4008,,,,,
theminnesotasun.com,,,,,1.0,
theminorityreportblog.com,0.9026,,,,,
themoderatevoice.com,,,,,-0.5,
themonitor.com,,,,,0.0,
themonthly.com.au,,,,,-1.0,
themoscowtimes.com,,,,,-0.5,
thenation.com,-0.9463,-0.166666666667,-1.0,0.0,-1.0,-1.950529651175516
thenationaldesk.com,,,,,0.5,
thenationalherald.com,,,,,1.0,
thenationalpulse.com,,,,,,2.622243926859483
thenevadaindependent.com,,,,,0.0,
thenewamerican.com,0.7993,,,,1.0,
thenewatlantis.com,,,,,0.5,
thenewcivilrightsmovement.com,-0.9643,-0.5,,,-1.0,
thenewhumanitarian.org,,,,,-0.5,
thenewrevere.com,,,,,1.0,
thenews.com.pk,,,,,0.5,
thenews.mx,,,,,0.0,
thenewsstar.com,,,,,0.0,
thenewstribune.com,,,,,-0.5,
thenewtropic.com,,,,,-0.5,
thenextweb.com,,,,,-0.5,
theobjectivestandard.com,,,,,0.5,
theodysseyonline.com,,,,,-0.5,
theohiostar.com,,,,,1.0,
theolympian.com,,,,,-0.5,
theonion.com,-0.5516,,,,,-0.2415788891653246
thepetitionsite.com,-0.6,,,,,
thepoliticalinsider.com,0.8998,,,,,2.6452892777236388
thepostmillennial.com,,,,,1.0,
theprogress.com,,,,,-0.5,
thequint.com,,,,,-0.5,
therealnews.com,,,,,-1.0,-1.6765978416750629
theregister.com,,,,,0.0,
therepublic.com,,,,,0.0,
theresurgent.com,,,,,,2.5403434147826616
therightscoop.com,0.9275,,,,,3.1115762692732414
theringer.com,,,,,-0.5,
theroot.com,-0.7792,,,,-1.0,-2.166235361823829
thesaturdaypaper.com.au,,,,,-0.5,
theskimm.com,,,,,-0.5,
theslot.jezebel.com,,-0.5,,,,
thesmokinggun.com/,,,,,0.0,
thesorrentino.com,,,,,0.5,
thesouthern.com,,,,,0.0,
thespec.com,,,,,-0.5,
thestar.com,,0.0,,,,
thestarphoenix.com,,,,,0.5,
thestarpress.com,,,,,-0.5,
thestate.com,,,,,-0.5,
thestranger.com,,,,,-1.0,
thestrategybridge.org,,,,,0.0,
thestreet.com,,,,,0.5,
thesun.co.uk,,0.0,,,1.0,
thesunmagazine.org,,,,,-0.5,
thetab.com,,,,,-0.5,
thetandd.com,,,,,0.0,
thetexan.news,,,,,1.0,
thetimes.co.uk,,,,,0.5,
thetimesherald.com,,,,,0.5,
thetowntalk.com,,,,,0.0,
thetrace.org,,,,,-0.5,
thetruthaboutguns.com,0.6965,,,,1.0,
thetyee.ca,,,,,-0.5,
theunion.com,,,,,0.0,
theuspatriot.com,0.8568,,,,,
thevarsity.ca,,,,,-0.5,
theverge.com,-0.2609,0.0,-0.5,-0.5,-0.5,
thewalrus.ca,,,,,-1.0,
theweek.co.uk,,,,,-0.5,
theweek.com,-0.1809,-0.333333333333,0.0,0.0,-1.0,-0.2997352980162288
thewest.com.au,,,,,0.5,
thewire.in,,,,,-0.5,
theworld.org,,,,,-0.5,
thewrap.com,,,,,-0.5,
thinkprogress.org,-0.8615,,-1.0,-0.5,-1.0,-1.565638974737316
thirdway.org,,,,,0.0,
this.org,,,,,-1.0,
thisisthezerohour.com,,,,,-1.0,
thoughtco.com,,,,,0.0,
thrillist.com,,,,,-0.5,
thv11.com,,,,,0.0,
tiftongazette.com,,,,,-0.5,
timcast.com,,,,,1.0,
time.com,-0.3336,-0.5,,,-0.5,-0.3976450039324739
timeanddate.com,,0.0,,,,
times-georgian.com,,,,,0.5,
times-standard.com,,,,,0.0,
timescall.com,,,-0.5,-0.5,,
timescolonist.com,,,,,-0.5,
timesenterprise.com,,,,,-0.5,
timesfreepress.com,,,,,0.0,
timesgazette.com,,,,,0.5,
timesheadline.com,,,,,-0.5,
timeslive.co.za,,,,,0.5,
timesofisrael.com,0.3685,,,,-0.5,
timesofsandiego.com,,,,,0.0,
timesrepublican.com,,,,,0.0,
timesunion.com,,,,,-0.5,
tmnews.com,,,,,-0.5,
tmz.com,,-0.25,,,-0.5,
tnc.news,,,,,1.0,
tnholler.com,,,,,-1.0,
tnonline.com,,,,,0.5,
today.com,-0.1668,-0.166666666667,-0.5,-0.5,-0.5,
todayifoundout.com,,0.0,,,0.0,
toledoblade.com,,,,,0.5,
tomdispatch.com,,,,,-0.5,
tonganoxiemirror.com,,,,,0.0,
topinfopost.com,-0.1502,,,,,
toprightnews.com,0.8796,,,,,
toronto.citynews.ca,,,,,0.0,
torontosun.com,,,,,1.0,
tovima.gr,,,,,0.5,
towleroad.com,,-0.833333333333,,,-1.0,
townandcountrymag.com,,0.0,,,,
townhall.com,0.9263,0.583333333333,1.0,1.0,,2.007582576655474
tpnn.com,0.9323,,,,,
transequality.org,,,,,-0.5,
transparency.org,,,,,0.0,
transparentcalifornia.com,,,,,0.5,
transpartisanreview.com,,,,,0.0,
treehugger.com,,,,,-1.0,
tri-cityherald.com,,,,,0.0,
trib.com,,,,,0.0,
triblive.com,,,,,0.5,
tribtown.com,,,,,0.5,
tribunecontentagency.com,,,,,0.0,
tribunist.com,,,,,1.0,
tribunnews.com,,,,,0.5,
tripadvisor.com,,0.0,,,,
tristatehomepage.com,,,,,0.0,
trofire.com,,,,,-1.0,
trtworld.com,,,,,1.0,
trueactivist.com,-0.6032,,,,,
trump.news,,0.5,,,,
trust.org,,,,,-0.5,
truth-out.org,-0.8937,,-0.5,-0.5,,-2.230212414000936
truthandaction.org,0.7952,,,,,
truthbetold.news,,,,,-0.5,
truthdig.com,-0.8565,,,,-1.0,-2.09306161574602
truthorfiction.com,,,,,0.0,
truthout.org,,,,,-1.0,
truthrevolt.org,0.8805,,,,,
truththeory.com,,,,,-1.0,
truthuncensored.net,0.8463,,,,,
tucson.com,,,,,-0.5,
tulsaworld.com,,,,,0.5,
turnto10.com,,,,,0.5,
turnto23.com,,,,,0.0,
tuscaloosanews.com,,,,,-0.5,
tut.by,,,,,0.0,
tv20detroit.com,,,,,0.0,
tvanouvelles.ca,,,,,-0.5,
tvguide.com,,0.0,,,,
tvw.org,,,,,0.0,
twcnews.com,,0.0,,,,
twincities.com,,,,,0.5,
twistedsifter.com,,0.0,,,,
twitchy.com,0.9375,,,,1.0,1.5801304580324913
twitter.com,-0.2177,0.0,,,,
tylerpaper.com,,,,,0.5,
typemediacenter.org,,,,,-0.5,
tyt.com,,,,,-1.0,
tytnetwork.com,-0.7785,,,,,
uawire.org,,,,,-0.5,
ucsusa.org,,,,,-0.5,
uft.org,,,,,-0.5,
un.org,,0.0,,,,
undark.org,,,,,-0.5,
undp.org,,-0.333333333333,,,,
unherd.com,,,,,0.5,
uni.edu,,0.0,,,,
unicornriot.ninja,,,,,-1.0,
unionleader.com,,,,,0.5,
unionrecorder.com,,,,,-0.5,
unitedwithisrael.org,0.5564,,,,,
unitynewsnetwork.co.uk,,,,,1.0,
universalfreepress.com,0.8641,,,,,
universitybusiness.com,,,,,-0.5,
univision.com,,,-0.5,-0.5,,-0.5703102818150716
unwatch.org,,,,,1.0,
unwomen.org,,-0.0833333333333,,,,
updateamerica.com,,,,,1.0,
upi.com,,0.0,,,0.0,0.1717487208071011
upnorthlive.com,,,,,0.5,
uppermichiganssource.com,,,,,0.0,
upr.org,,,,,-0.5,
uproxx.com,-0.4468,,,,-1.0,
upworthy.com,-0.8097,,-1.0,0.0,-1.0,
urban.org,,,,,-0.5,
urbandictionary.com,,0.0,,,,
us.blastingnews.com,,-0.166666666667,,,,
usa.gov,,0.0,,,,
usafacts.org,,,,,0.0,
usaspending.gov,,,,,0.0,
usatoday.com,-0.0635,-0.25,0.0,0.0,-0.5,0.0522196224800189
uscis.gov,,,,,-0.5,
uscourts.gov,,,,,0.0,
ushistory.org,,0.0,,,,
usmagazine.com,,0.0,,,,
usnews.com,-0.0392,0.0,-0.5,0.0,-0.5,0.113154861924091
uspoliticsinfo.com,,,,,1.0,
usuncut.com,,-0.333333333333,,,,
uticaod.com,,,,,-0.5,
vaildaily.com,,,,,0.0,
valdostadailytimes.com,,,,,-0.5,
valleycentral.com,0.0592,,,,0.0,
valleynewslive.com,,,,,0.5,
valleynewstoday.com,,,,,0.0,
valuetainment.com,,,,,1.0,
valuewalk.com,,,,,0.5,
vancouversun.com,,,,,0.5,
vanityfair.com,,-0.583333333333,-0.5,-0.5,-1.0,-0.6131351494957662
variety.com,,-0.166666666667,,,-0.5,
vcstar.com,,,,,-0.5,
verafiles.org,,,,,-0.5,
verifythis.com,,,,,0.0,
verywell.com,,0.0,,,,
vibe.com,,-0.333333333333,,,-0.5,
vice.com,-0.6267,,,,-0.5,-0.9284216678516178
victoriaadvocate.com,,,,,-0.5,
victoriabuzz.com,,,,,-0.5,
video.foxnews.com,0.838,,,,,
video.lauraingraham.com,0.9419,,,,,
villages-news.com,,,,,0.5,
villagevoice.com,,-0.25,,,-1.0,
vimeo.com,-0.2916,,,,,
vindy.com,,,,,0.0,
viral.buzz,0.9176,,,,,
viralthread.com,,,,,0.0,
viraltitle.com,,,,,-1.0,
virginiamercury.com,,,,,-0.5,
visaliatimesdelta.com,,,,,-0.5,
visitphilly.com,,0.0833333333333,,,,
vladtv.com,,,,,-0.5,
voanews.com,,0.25,,,0.0,-0.080969537808224
vocativ.com,,0.0,,,,
voice-online.co.uk,,,,,-1.0,
voiceofsandiego.org,,,,,-0.5,
volkskrant.nl,,,,,0.5,
vosizneias.com,,,,,0.0,
votesmart.org,,,0.0,0.5,0.0,
votevets.org,,,,,-0.5,
vox.com,-0.6591,-0.416666666667,-0.5,-0.5,-1.0,-1.3182949651741165
vtdigger.org,,,-0.5,0.0,-0.5,
vulture.com,,0.0,,,-0.5,
vvdailypress.com,,,,,-0.5,
waaytv.com,,,,,0.0,
wabi.tv,,,,,0.0,
wach.com,,,,,0.5,
wacotrib.com,,,,,0.0,
wafb.com,,,,,0.0,
waff.com,,,,,0.0,
wagmtv.com,,,,,0.0,
wahoo-ashland-waverly.com,,,,,0.0,
walb.com,,,,,0.0,
walesonline.co.uk,,,,,-0.5,
wallstreetonparade.com,,,,,-1.0,
wamu.org,,,,,-0.5,
wane.com,,,,,0.0,
waow.com,,,,,0.0,
wapt.com,,,,,0.0,
warontherocks.com,,,,,0.0,
washington.cbslocal.com,0.3279,,,,,
washingtonbabylon.com,,,,,-1.0,
washingtonblade.com,,,,,-0.5,
washingtonexaminer.com,0.82045,0.25,1.0,0.5,1.0,1.344155662997308
washingtonian.com,,,,,-1.0,
washingtoninstitute.org,,,,,0.5,
washingtonmonthly.com,,,-0.5,-0.5,-0.5,-0.730526263517361
washingtonpost.com,-0.2568,-0.583333333333,-0.5,-0.5,-0.5,-0.4395494436977497
washingtonpress.com,,,,,-1.0,
washingtonsources.org,,,,,-1.0,
washingtonspectator.org,,,,,-1.0,
washingtontimes.com,0.6975,-0.25,0.5,1.0,,1.2705669944446505
watchdogreport.org,,,,,1.0,
wate.com,,,,,0.0,
wave3.com,,,,,0.0,
wavy.com,,,,,0.0,
wbaltv.com,-0.0221,,,,0.0,
wbay.com,,,,,0.0,
wbir.com,,,,,0.0,
wbko.com,,,,,0.0,
wbng.com,,,,,0.0,
wbrc.com,,,,,0.0,
wbtv.com,,,,,0.0,
wbtw.com,,,,,0.0,
wcax.com,,,,,0.0,
wcfcourier.com,,,,,0.0,
wchstv.com,,,,,0.5,
wcia.com,,,,,0.0,
wcjb.com,,,,,0.0,
wcnc.com,,,,,0.0,
wcpo.com,,,,,0.0,
wcti12.com,,,,,0.5,
wctrib.com,,,,,0.5,
wctv.tv,,,,,0.0,
wcvb.com,-0.185,,,,0.0,
wcyb.com,,,,,0.5,
wdam.com,,,,,0.0,
wdbj7.com,,,,,0.0,
wdio.com,,,,,0.0,
wdrb.com,,0.0,,,,
wdsu.com,,,,,0.0,
wdtn.com,,,,,0.0,
wdtv.com,,,,,0.0,
wearecentralpa.com,,,,,0.0,
wearegreenbay.com,,,,,0.0,
weareiowa.com,,,,,0.0,
wearethemighty.com,,0.0,,,0.0,
weartv.com,,,,,0.5,
wearyourvoicemag.com,,,,,-1.0,
weaselzippers.us,1.0295,,,,1.0,
weather.com,,0.0,,,,
weau.com,,,,,0.0,
webmd.com,,0.0,,,,
webtv.un.org,,0.0,,,,
weburbanist.com,,0.0,,,,
wect.com,,,,,0.0,
weeklystandard.com,0.9074,,1.0,0.5,1.0,1.193300439468943
weforum.org,,,,,-0.5,
wehuntedthemammoth.com,,,,,-1.0,
welt.de,,,,,0.5,
weny.com,,,,,0.0,
wesh.com,,,,,0.0,
westchester.news12.com,,0.0,,,,
westernjournal.com,,,,,,2.133950267703473
westernjournalism.com,0.8991,,1.0,0.5,,
westernmassnews.com,,,,,0.0,
westernstandard.news,,,,,1.0,
westhawaiitoday.com,,,,,-0.5,
westmonster.com,,,,,1.0,
westword.com,,,,,-0.5,
wevv.com,,,,,0.0,
wfaa.com,0.1198,,,,,
wfae.org,,,0.0,-0.5,,
wfft.com,,,,,0.0,
wfla.com,0.041,,,,0.0,
wflx.com,,,,,0.0,
wfmynews2.com,,,,,0.0,
wfmz.com,-0.0973,,,,0.0,
wfsb.com,-0.1726,,,,0.0,
wftv.com,-0.2162,,,,0.0,
wfxl.com,,,,,0.5,
wfxrtv.com,,,,,0.0,
wgal.com,,,,,0.0,
wgem.com,,,,,0.0,
wgme.com,,,,,0.5,
wgno.com,,,,,0.0,
wgntv.com,-0.3593,,,,0.0,
wgxa.tv,,,,,0.5,
whas11.com,,,,,0.0,
whatculture.com,,,,,0.0,
whatfinger.com,,,,,1.0,
whec.com,,,,,0.0,
whio.com,-0.0029,,,,0.0,
whistleblower.org,,,,,-0.5,
whitehouse.gov,-0.5325,0.25,0.5,1.0,-0.5,
whitehousewatch.com,,,,,-1.0,
whitepages.com,,0.0,,,,
whnt.com,0.265,,,,0.0,
who13.com,,,,,0.0,
whowhatwhy.org,,,,,-1.0,
whsv.com,,,,,0.0,
wibw.com,,,,,0.0,
wicz.com,,,,,0.0,
wifr.com,,,,,0.0,
wikihow.com,,0.0,,,,
wikiislam.net,,,,,1.0,
wikileaks.org,,,,,-0.5,
wikinews.org,,,,,0.0,
wikipedia.org,,,,,0.0,
wilderness.org,,,,,-0.5,
wilsoncenter.org,,,,,-0.5,
wilx.com,,,,,0.0,
winchesterstar.com,,,,,0.5,
windsorstar.com,,,,,0.5,
winknews.com,,,,,0.0,
winnipeg.citynews.ca,,,,,0.0,
winnipegfreepress.com,,,,,0.0,
winonadailynews.com,,,,,0.0,
wionews.com,,,,,0.0,
wired.com,-0.4027,-0.0833333333333,,,-0.5,
wisconsingazette.com,,,-0.5,0.0,,
wishtv.com,,,,,-0.5,
wisn.com,,,,,0.0,
wistv.com,,,,,0.0,
witn.com,,,,,0.0,
wivb.com,,,,,0.0,
wjactv.com,,,,,0.5,
wjbf.com,,,,,0.0,
wjcl.com,,,,,0.0,
wjhg.com,,,,,0.0,
wjhl.com,,,,,0.0,
wjla.com,-0.3195,0.0,,,0.5,
wjtv.com,,,,,0.0,
wkbn.com,,,,,0.0,
wkbw.com,,,,,0.0,
wkow.com,,,,,0.0,
wkrg.com,,,,,0.0,
wkrn.com,,,,,0.0,
wkyc.com,,,,,0.0,
wlbt.com,,,,,0.0,
wlfi.com,,,,,0.0,
wlky.com,,,,,0.0,
wlns.com,,,,,0.0,
wlos.com,,,,,0.5,
wlox.com,,,,,0.0,
wltx.com,,,,,0.0,
wlwt.com,,,,,0.0,
wmar2news.com,,,,,0.0,
wmtw.com,,,,,0.0,
wmur.com,0.098,,,,0.0,
wn.com,,,,,0.0,
wnct.com,,,,,0.0,
wnd.com,0.9013,0.0833333333333,1.0,1.0,,1.4410018190100156
wndu.com,,,,,0.0,
wnem.com,,,,,0.0,
wnep.com,-0.0328,,,,0.0,
wnewsj.com,,,,,0.5,
wng.org,,,,,1.0,
wnyc.org,,,,,-0.5,
wnyt.com,,,,,0.0,
wonkette.com,,,,,-1.0,
woodtv.com,,,,,0.0,
workers.org,,,,,-1.0,
worldaffairsjournal.org,,-0.166666666667,,,,
worldcantwait.net,,,,,-1.0,
worldcrunch.com,,,,,-0.5,
worldometers.info,,,,,0.0,
worldpoliticsreview.com,,,,,0.0,
worldpopulationreview.com,,,,,0.0,
worldpress.org,,,,,-0.5,
worldsocialism.org,,,,,-1.0,
worldstarhiphop.com,-0.7047,,,,,
worldtruth.tv,-0.0491,,,,,
woundedamericanwarrior.com,0.8614,,,,,
wowktv.com,,,,,0.0,
wowt.com,,,,,0.0,
wpbf.com,,,,,0.0,
wpde.com,,,,,0.5,
wpgh53.com,,,,,0.5,
wpri.com,,,,,0.0,
wpta21.com,,,,,0.0,
wpxi.com,-0.2221,,,,0.0,
wqow.com,,,,,0.0,
wral.com,-0.0685,,,,0.0,
wrdw.com,,,,,0.0,
wreg.com,,,,,0.0,
wrex.com,,,,,0.0,
wri.org,,,,,-0.5,
wric.com,,,,,0.0,
wsav.com,,,,,0.0,
wsaz.com,,,,,0.0,
wsbt.com,,,,,0.5,
wsbtv.com,-0.0872,,,,0.0,
wset.com,,,,,0.5,
wsfa.com,0.1107,,,,0.0,
wsiltv.com,,,,,0.0,
wsj.com,0.2754,-0.166666666667,,,0.5,0.6293090466359239
wsls.com,,,,,0.0,
wsmv.com,,,,,0.0,
wsoctv.com,,,,,0.0,
wspa.com,,,,,0.0,
wsvn.com,,,,,-0.5,
wsws.org,,,,,-1.0,
wtae.com,,,,,0.0,
wtap.com,,,,,0.0,
wthitv.com,,,,,0.0,
wthr.com,,0.166666666667,,,0.0,
wtnh.com,,,,,0.0,
wtok.com,,,,,0.0,
wtol.com,,,,,0.0,
wtop.com,,0.0,,,0.0,
wtov9.com,,,,,0.5,
wtsp.com,-0.0038,,,,0.0,
wtva.com,,,,,0.0,
wtvm.com,,,,,0.0,
wtvr.com,-0.0734,,,,,
wtvy.com,,,,,0.0,
wtwc40.com,,,,,0.5,
wusa9.com,-0.4447,,,,0.0,
wutv29.com,,,,,0.5,
wvah.com,,,,,0.5,
wvgazettemail.com,,,,,-0.5,
wvlt.tv,,,,,0.0,
wvpublic.org,,,,,0.0,
wvtm13.com,,,,,0.0,
wvva.com,,,,,0.0,
wwlp.com,,,,,0.0,
wwltv.com,,,,,0.0,
wwmt.com,,,,,0.5,
wwnytv.com,,,,,0.0,
www1.cbn.com,,0.333333333333,,,,
wxii12.com,,,,,0.0,
wxow.com,,,,,0.0,
wxyz.com,-0.3539,,,,0.0,
wyborcza.pl,,,,,-0.5,
wyff4.com,,,,,0.0,
wymt.com,,,,,0.0,
wyomingnewsnow.tv,,,,,0.0,
wytv.com,,,,,0.0,
wzzm13.com,,,,,0.0,
xeniagazette.com,,,,,0.5,
yaf.org,,,,,1.0,
yahoo.com,,-0.333333333333,,,,
yahoo.com/news,,,,,,0.0715423125590676
yaktrinews.com,,,,,0.0,
yale.edu,,,,,-0.5,
yankeeinstitute.org,,,,,0.5,
ydr.com,,,,,-0.5,
yellowhammernews.com,,,,,1.0,
yellowpages.com,,0.0,,,,
yelp.com,,0.0,,,,
yesmagazine.org,,,-1.0,0.0,-1.0,
yle.fi,,,,,0.0,
yna.co.kr,,,,,0.5,
ynetnews.com,0.3335,,,,-0.5,
yomiuri.co.jp,,,,,0.5,
yorkdispatch.com,,,,,-0.5,
yorknewstimes.com,,,,,0.0,
yorkregion.com,,,,,-0.5,
youngcons.com,0.9685,,,,,
yourblackworld.net,,,,,-1.0,
yourcentralvalley.com,,,,,0.0,
yournewsnet.com,,,,,0.0,
yournewswire.com,-0.2572,,,,,
yoursun.com,,,,,0.0,
youthradio.org,,,,,-0.5,
youthrights.org,,,,,-0.5,
youtu.be,,0.0,,,,
youtube.com,0.0634,0.0,,,,
zdf.de,,,,,0.0,
zdnet.com,,,,,0.0,
zebrafactcheck.com,,,,,0.5,
zeit.de,,,,,-0.5,
zerohedge.com,0.4721,0.0,,,,
